{"type":"FeatureCollection","name":"beach_haven_road_centerlines","metadata":{"source":"NJOGIS NG911 Road Centerlines (Tran_road)","url":"https://services2.arcgis.com/XVOqAjTOJ5P6ngMu/arcgis/rest/services/Tran_road/FeatureServer/0","query_url":"https://services2.arcgis.com/XVOqAjTOJ5P6ngMu/arcgis/rest/services/Tran_road/FeatureServer/0/query","retrieved_at_utc":"2026-09-04T20:05:00.446437+00:00","source_last_edit_date":1785341586960,"out_sr":4326,"query_envelope_wgs84":[-74.2671065,39.5470836,-74.2296533,39.5853026],"spatial_relationship":"esriSpatialRelIntersects","boundary_file":"beach_haven_boundary.geojson","boundary_sha256":"9e0deaac5b1514fea1321ed667c18a7c0eec74f130140c88bb4ea0974947b317","fields":["OBJECTID","PRIMENAME","ELEVTYP_F","ELEVTYP_T"],"feature_count":434,"complete_objectid_inventory_verified":true,"municipal_clipping":"Envelope selection only; clip against the actual municipal boundary in the application."},"features":[{"type":"Feature","id":432,"properties":{"OBJECTID":432,"PRIMENAME":"South West Avenue","ELEVTYP_F":0,"ELEVTYP_T":0},"geometry":{"type":"LineString","coordinates":[[-74.2536676995973,39.5474675178859],[-74.2536062391947,39.5475583212574],[-74.2534656641188,39.5477572682821],[-74.2532059710292,39.5481247907585]]}},{"type":"Feature","id":697,"properties":{"OBJECTID":697,"PRIMENAME":"8th Street","ELEVTYP_F":0,"ELEVTYP_T":0},"geometry":{"type":"LineString","coordinates":[[-74.2367569451957,39.5683131498006],[-74.2351980581939,39.5676482552939]]}},{"type":"Feature","id":2254,"properties":{"OBJECTID":2254,"PRIMENAME":"East 13th Street","ELEVTYP_F":0,"ELEVTYP_T":0},"geometry":{"type":"LineString","coordinates":[[-74.2326572460953,39.5712603843226],[-74.2311353115571,39.5706197091405]]}},{"type":"Feature","id":3202,"properties":{"OBJECTID":3202,"PRIMENAME":"Chatsworth Avenue","ELEVTYP_F":0,"ELEVTYP_T":0},"geometry":{"type":"LineString","coordinates":[[-74.2431797080076,39.5563953450576],[-74.2416067406346,39.5557470875668]]}},{"type":"Feature","id":3480,"properties":{"OBJECTID":3480,"PRIMENAME":"South Beach Avenue","ELEVTYP_F":0,"ELEVTYP_T":0},"geometry":{"type":"LineString","coordinates":[[-74.2390031758316,39.562272826024],[-74.2391854558992,39.5620193243323],[-74.2395285257539,39.5615288011444]]}},{"type":"Feature","id":4889,"properties":{"OBJECTID":4889,"PRIMENAME":"South Delaware Avenue","ELEVTYP_F":0,"ELEVTYP_T":0},"geometry":{"type":"LineString","coordinates":[[-74.2421584638697,39.5635983201184],[-74.2426739741756,39.5628614250121]]}},{"type":"Feature","id":5181,"properties":{"OBJECTID":5181,"PRIMENAME":"Long Beach Boulevard","ELEVTYP_F":0,"ELEVTYP_T":0},"geometry":{"type":"LineString","coordinates":[[-74.2385102970282,39.5658245426348],[-74.2380340750869,39.5665012689086]]}},{"type":"Feature","id":5367,"properties":{"OBJECTID":5367,"PRIMENAME":"Engleside Avenue","ELEVTYP_F":0,"ELEVTYP_T":0},"geometry":{"type":"LineString","coordinates":[[-74.2441576119312,39.5644371173097],[-74.2457469063392,39.5651037979281]]}},{"type":"Feature","id":5697,"properties":{"OBJECTID":5697,"PRIMENAME":"South Pennsylvania Avenue","ELEVTYP_F":0,"ELEVTYP_T":0},"geometry":{"type":"LineString","coordinates":[[-74.2436114283033,39.5652107685604],[-74.2441576119312,39.5644371173097]]}},{"type":"Feature","id":7314,"properties":{"OBJECTID":7314,"PRIMENAME":"Coral Street","ELEVTYP_F":0,"ELEVTYP_T":0},"geometry":{"type":"LineString","coordinates":[[-74.2454275934263,39.5630430135759],[-74.245853995677,39.5628891519492]]}},{"type":"Feature","id":7474,"properties":{"OBJECTID":7474,"PRIMENAME":"Centennial Avenue","ELEVTYP_F":0,"ELEVTYP_T":0},"geometry":{"type":"LineString","coordinates":[[-74.2532059710292,39.5481247907585],[-74.2520764711205,39.5476551719299]]}},{"type":"Feature","id":8300,"properties":{"OBJECTID":8300,"PRIMENAME":"Engleside Avenue","ELEVTYP_F":0,"ELEVTYP_T":0},"geometry":{"type":"LineString","coordinates":[[-74.2374644244495,39.5616224757375],[-74.2390031758316,39.562272826024]]}},{"type":"Feature","id":8353,"properties":{"OBJECTID":8353,"PRIMENAME":"Glendola Avenue","ELEVTYP_F":0,"ELEVTYP_T":0},"geometry":{"type":"LineString","coordinates":[[-74.2464169421451,39.5544906534044],[-74.2449103877049,39.5538797604076]]}},{"type":"Feature","id":8868,"properties":{"OBJECTID":8868,"PRIMENAME":"3rd Street","ELEVTYP_F":0,"ELEVTYP_T":0},"geometry":{"type":"LineString","coordinates":[[-74.2358179546164,39.5639694487584],[-74.2373543229646,39.5646123469001]]}},{"type":"Feature","id":9674,"properties":{"OBJECTID":9674,"PRIMENAME":"7th Street","ELEVTYP_F":0,"ELEVTYP_T":0},"geometry":{"type":"LineString","coordinates":[[-74.2371622100212,39.5677393370946],[-74.2376458911109,39.5679401697687]]}},{"type":"Feature","id":13329,"properties":{"OBJECTID":13329,"PRIMENAME":"West 15th Street","ELEVTYP_F":0,"ELEVTYP_T":0},"geometry":{"type":"LineString","coordinates":[[-74.2364312247667,39.5744105101475],[-74.2353686306577,39.5739533194606]]}},{"type":"Feature","id":14171,"properties":{"OBJECTID":14171,"PRIMENAME":"South Beach Avenue","ELEVTYP_F":0,"ELEVTYP_T":0},"geometry":{"type":"LineString","coordinates":[[-74.2404796967665,39.5601743960997],[-74.2407901743531,39.5597349189259],[-74.2409521334472,39.5594960579861]]}},{"type":"Feature","id":15266,"properties":{"OBJECTID":15266,"PRIMENAME":"Center Street","ELEVTYP_F":0,"ELEVTYP_T":0},"geometry":{"type":"LineString","coordinates":[[-74.2454091283475,39.5659782642475],[-74.2449580545384,39.5657825040478]]}},{"type":"Feature","id":15650,"properties":{"OBJECTID":15650,"PRIMENAME":"12th Street","ELEVTYP_F":0,"ELEVTYP_T":0},"geometry":{"type":"LineString","coordinates":[[-74.2330936755903,39.5706400922672],[-74.2315716872611,39.5699974192943]]}},{"type":"Feature","id":16816,"properties":{"OBJECTID":16816,"PRIMENAME":"North Pennsylvania Avenue","ELEVTYP_F":0,"ELEVTYP_T":0},"geometry":{"type":"LineString","coordinates":[[-74.2432417137566,39.565753410381],[-74.2436114283033,39.5652107685604]]}},{"type":"Feature","id":17714,"properties":{"OBJECTID":17714,"PRIMENAME":"East 22nd Street","ELEVTYP_F":0,"ELEVTYP_T":0},"geometry":{"type":"LineString","coordinates":[[-74.2288447037219,39.5766861251506],[-74.2296990406227,39.5770594802847],[-74.2304038982088,39.5773537403792]]}},{"type":"Feature","id":18321,"properties":{"OBJECTID":18321,"PRIMENAME":"South West Avenue","ELEVTYP_F":0,"ELEVTYP_T":0},"geometry":{"type":"LineString","coordinates":[[-74.2474065951606,39.5565345561056],[-74.2469753049622,39.5571569731091]]}},{"type":"Feature","id":20013,"properties":{"OBJECTID":20013,"PRIMENAME":"20th Street","ELEVTYP_F":0,"ELEVTYP_T":0},"geometry":{"type":"LineString","coordinates":[[-74.2332597302566,39.5769738371656],[-74.2335019179927,39.5770739742931]]}},{"type":"Feature","id":21442,"properties":{"OBJECTID":21442,"PRIMENAME":"9th Street","ELEVTYP_F":0,"ELEVTYP_T":0},"geometry":{"type":"LineString","coordinates":[[-74.2342947021128,39.5689318613779],[-74.2358580492594,39.5695857408137]]}},{"type":"Feature","id":26495,"properties":{"OBJECTID":26495,"PRIMENAME":"South Bay Avenue","ELEVTYP_F":0,"ELEVTYP_T":0},"geometry":{"type":"LineString","coordinates":[[-74.2468506517148,39.5538630540631],[-74.2467496772436,39.554008981707],[-74.2464169421451,39.5544906534044]]}},{"type":"Feature","id":26654,"properties":{"OBJECTID":26654,"PRIMENAME":"West Avenue","ELEVTYP_F":0,"ELEVTYP_T":0},"geometry":{"type":"LineString","coordinates":[[-74.2530913424864,39.5482870307108],[-74.2530493192103,39.5483464658034]]}},{"type":"Feature","id":26772,"properties":{"OBJECTID":26772,"PRIMENAME":"5th Street","ELEVTYP_F":0,"ELEVTYP_T":0},"geometry":{"type":"LineString","coordinates":[[-74.2349521615261,39.5652042475836],[-74.235330480781,39.5653630896485],[-74.2364822908075,39.565850931572]]}},{"type":"Feature","id":27981,"properties":{"OBJECTID":27981,"PRIMENAME":"7th Street","ELEVTYP_F":0,"ELEVTYP_T":0},"geometry":{"type":"LineString","coordinates":[[-74.2355996919977,39.5670801227014],[-74.2371622100212,39.5677393370946]]}},{"type":"Feature","id":30133,"properties":{"OBJECTID":30133,"PRIMENAME":"East 20th Street","ELEVTYP_F":0,"ELEVTYP_T":0},"geometry":{"type":"LineString","coordinates":[[-74.2281667671835,39.5748345788858],[-74.2283842702928,39.5749286022415],[-74.2296956498548,39.5754753087118]]}},{"type":"Feature","id":30978,"properties":{"OBJECTID":30978,"PRIMENAME":"South Beach Avenue","ELEVTYP_F":0,"ELEVTYP_T":0},"geometry":{"type":"LineString","coordinates":[[-74.2444819650004,39.5545021206839],[-74.2449103877049,39.5538797604076]]}},{"type":"Feature","id":32998,"properties":{"OBJECTID":32998,"PRIMENAME":"Seagull Lane","ELEVTYP_F":0,"ELEVTYP_T":0},"geometry":{"type":"LineString","coordinates":[[-74.2366514379585,39.5699088271939],[-74.2370988677528,39.5692853605909]]}},{"type":"Feature","id":33139,"properties":{"OBJECTID":33139,"PRIMENAME":"North Beach Avenue","ELEVTYP_F":0,"ELEVTYP_T":0},"geometry":{"type":"LineString","coordinates":[[-74.2364822908075,39.565850931572],[-74.2369640841819,39.5651673873121]]}},{"type":"Feature","id":33179,"properties":{"OBJECTID":33179,"PRIMENAME":"North Atlantic Avenue","ELEVTYP_F":0,"ELEVTYP_T":0},"geometry":{"type":"LineString","coordinates":[[-74.2320151288181,39.5693712995187],[-74.2315716872611,39.5699974192943]]}},{"type":"Feature","id":36476,"properties":{"OBJECTID":36476,"PRIMENAME":"Long Beach Boulevard","ELEVTYP_F":0,"ELEVTYP_T":0},"geometry":{"type":"LineString","coordinates":[[-74.237573072931,39.5671563377313],[-74.2373250207446,39.567508830085],[-74.2371622100212,39.5677393370946]]}},{"type":"Feature","id":37103,"properties":{"OBJECTID":37103,"PRIMENAME":"10th Street","ELEVTYP_F":0,"ELEVTYP_T":0},"geometry":{"type":"LineString","coordinates":[[-74.2323939636013,39.5688370335265],[-74.231449640918,39.5684459733898]]}},{"type":"Feature","id":42162,"properties":{"OBJECTID":42162,"PRIMENAME":"East 16th Street","ELEVTYP_F":0,"ELEVTYP_T":0},"geometry":{"type":"LineString","coordinates":[[-74.231388116129,39.5730641510452],[-74.2329588991626,39.5737294252255]]}},{"type":"Feature","id":42923,"properties":{"OBJECTID":42923,"PRIMENAME":"Taylor Avenue","ELEVTYP_F":0,"ELEVTYP_T":0},"geometry":{"type":"LineString","coordinates":[[-74.2370988677528,39.5692853605909],[-74.2379061609753,39.5696283490893]]}},{"type":"Feature","id":44909,"properties":{"OBJECTID":44909,"PRIMENAME":"Bay Terrace","ELEVTYP_F":0,"ELEVTYP_T":0},"geometry":{"type":"LineString","coordinates":[[-74.2357993045281,39.5733519765357],[-74.2353686306577,39.5739533194606]]}},{"type":"Feature","id":46428,"properties":{"OBJECTID":46428,"PRIMENAME":"South Bay Avenue","ELEVTYP_F":0,"ELEVTYP_T":0},"geometry":{"type":"LineString","coordinates":[[-74.2429572709115,39.5594933441831],[-74.2424945946715,39.5601463705379]]}},{"type":"Feature","id":48146,"properties":{"OBJECTID":48146,"PRIMENAME":"South Bay Avenue","ELEVTYP_F":0,"ELEVTYP_T":0},"geometry":{"type":"LineString","coordinates":[[-74.2455434015332,39.555755196285],[-74.2451097751901,39.5563828456492]]}},{"type":"Feature","id":48376,"properties":{"OBJECTID":48376,"PRIMENAME":"Beach Avenue","ELEVTYP_F":0,"ELEVTYP_T":0},"geometry":{"type":"LineString","coordinates":[[-74.2296956498548,39.5754753087118],[-74.2301184049869,39.5748722941025]]}},{"type":"Feature","id":48466,"properties":{"OBJECTID":48466,"PRIMENAME":"Long Beach Boulevard","ELEVTYP_F":0,"ELEVTYP_T":0},"geometry":{"type":"LineString","coordinates":[[-74.2316858264796,39.575533788851],[-74.2316240069052,39.5756208176401],[-74.2312629153714,39.5761335416352]]}},{"type":"Feature","id":48742,"properties":{"OBJECTID":48742,"PRIMENAME":"East 14th Street","ELEVTYP_F":0,"ELEVTYP_T":0},"geometry":{"type":"LineString","coordinates":[[-74.2307198849785,39.5712171438907],[-74.2322358992059,39.5718591556737]]}},{"type":"Feature","id":49381,"properties":{"OBJECTID":49381,"PRIMENAME":"Kentford Avenue","ELEVTYP_F":0,"ELEVTYP_T":0},"geometry":{"type":"LineString","coordinates":[[-74.24954621486,39.5499626778908],[-74.2514194273312,39.5507261536448]]}},{"type":"Feature","id":50193,"properties":{"OBJECTID":50193,"PRIMENAME":"Glendola Avenue","ELEVTYP_F":0,"ELEVTYP_T":0},"geometry":{"type":"LineString","coordinates":[[-74.2482785671879,39.5552752952445],[-74.2464169421451,39.5544906534044]]}},{"type":"Feature","id":50365,"properties":{"OBJECTID":50365,"PRIMENAME":"South Beach Avenue","ELEVTYP_F":0,"ELEVTYP_T":0},"geometry":{"type":"LineString","coordinates":[[-74.2427455423999,39.5570178498828],[-74.2430333945899,39.556608242896],[-74.2431797080076,39.5563953450576]]}},{"type":"Feature","id":50611,"properties":{"OBJECTID":50611,"PRIMENAME":"North Atlantic Avenue","ELEVTYP_F":0,"ELEVTYP_T":0},"geometry":{"type":"LineString","coordinates":[[-74.2369209213482,39.5623958001603],[-74.2363635948615,39.5631911370703]]}},{"type":"Feature","id":52085,"properties":{"OBJECTID":52085,"PRIMENAME":"East 15th Street","ELEVTYP_F":0,"ELEVTYP_T":0},"geometry":{"type":"LineString","coordinates":[[-74.2318127599063,39.5724605578592],[-74.2302919031971,39.5718208353582]]}},{"type":"Feature","id":52477,"properties":{"OBJECTID":52477,"PRIMENAME":"North West Avenue","ELEVTYP_F":0,"ELEVTYP_T":0},"geometry":{"type":"LineString","coordinates":[[-74.2449580545384,39.5657825040478],[-74.2447998446241,39.5658596640254],[-74.2447146730414,39.5659081008606],[-74.2446295048333,39.5659651040201],[-74.2445405387301,39.5660421419354],[-74.2444960188789,39.5660906679571],[-74.244455198849,39.5661363196134],[-74.2444292233121,39.5661677266003],[-74.2443660537987,39.5662619799852]]}},{"type":"Feature","id":53577,"properties":{"OBJECTID":53577,"PRIMENAME":"Long Beach Boulevard","ELEVTYP_F":0,"ELEVTYP_T":0},"geometry":{"type":"LineString","coordinates":[[-74.2338111745446,39.5725138032617],[-74.2335302745066,39.5729111020185],[-74.2333850501017,39.5731191307543]]}},{"type":"Feature","id":53954,"properties":{"OBJECTID":53954,"PRIMENAME":"7th Street","ELEVTYP_F":0,"ELEVTYP_T":0},"geometry":{"type":"LineString","coordinates":[[-74.2340845446737,39.5664346424069],[-74.2355996919977,39.5670801227014]]}},{"type":"Feature","id":54031,"properties":{"OBJECTID":54031,"PRIMENAME":"South Pennsylvania Avenue","ELEVTYP_F":0,"ELEVTYP_T":0},"geometry":{"type":"LineString","coordinates":[[-74.255989520126,39.5463564463482],[-74.2559857316638,39.5463850480434],[-74.2559634569872,39.5464164654969],[-74.2558855031158,39.5465192608665],[-74.2558186487362,39.5466220794999],[-74.2557963238631,39.5466677741641],[-74.2557814143903,39.5467020625248],[-74.2557664818805,39.5467535386018],[-74.2557551404355,39.5468221262166],[-74.2556864401172,39.5474511868347]]}},{"type":"Feature","id":54132,"properties":{"OBJECTID":54132,"PRIMENAME":"6th Street","ELEVTYP_F":0,"ELEVTYP_T":0},"geometry":{"type":"LineString","coordinates":[[-74.239170665729,39.5678329010235],[-74.2380654475396,39.5673648764273]]}},{"type":"Feature","id":55538,"properties":{"OBJECTID":55538,"PRIMENAME":"East 15th Street","ELEVTYP_F":0,"ELEVTYP_T":0},"geometry":{"type":"LineString","coordinates":[[-74.2302919031971,39.5718208353582],[-74.2293583308059,39.5714313200682]]}},{"type":"Feature","id":56217,"properties":{"OBJECTID":56217,"PRIMENAME":"3rd Street","ELEVTYP_F":0,"ELEVTYP_T":0},"geometry":{"type":"LineString","coordinates":[[-74.2415379709324,39.5663251603751],[-74.2419226120178,39.566487537783],[-74.2425372146128,39.5667409443522]]}},{"type":"Feature","id":56842,"properties":{"OBJECTID":56842,"PRIMENAME":"Dock Street","ELEVTYP_F":0,"ELEVTYP_T":0},"geometry":{"type":"LineString","coordinates":[[-74.2448121470563,39.5664773207064],[-74.2443660537987,39.5662619799852]]}},{"type":"Feature","id":56856,"properties":{"OBJECTID":56856,"PRIMENAME":"Waverly Avenue","ELEVTYP_F":0,"ELEVTYP_T":0},"geometry":{"type":"LineString","coordinates":[[-74.2353777668224,39.5731646210245],[-74.2357585019586,39.5726147265965]]}},{"type":"Feature","id":58340,"properties":{"OBJECTID":58340,"PRIMENAME":"South Beach Avenue","ELEVTYP_F":0,"ELEVTYP_T":0},"geometry":{"type":"LineString","coordinates":[[-74.2409521334472,39.5594960579861],[-74.2410651226287,39.5593294336255],[-74.2414130730482,39.55884522994]]}},{"type":"Feature","id":60453,"properties":{"OBJECTID":60453,"PRIMENAME":"North Atlantic Avenue","ELEVTYP_F":0,"ELEVTYP_T":0},"geometry":{"type":"LineString","coordinates":[[-74.2315716872611,39.5699974192943],[-74.231351121974,39.5703088633979]]}},{"type":"Feature","id":60590,"properties":{"OBJECTID":60590,"PRIMENAME":"North Delaware Avenue","ELEVTYP_F":0,"ELEVTYP_T":0},"geometry":{"type":"LineString","coordinates":[[-74.2401151387905,39.5665017678529],[-74.2402557953457,39.5663011065872],[-74.2405231206884,39.5659215519722]]}},{"type":"Feature","id":61093,"properties":{"OBJECTID":61093,"PRIMENAME":"Belvoir Avenue","ELEVTYP_F":0,"ELEVTYP_T":0},"geometry":{"type":"LineString","coordinates":[[-74.2427455423999,39.5570178498828],[-74.2431347214615,39.5571775969575],[-74.2442371088658,39.5576476269809]]}},{"type":"Feature","id":62067,"properties":{"OBJECTID":62067,"PRIMENAME":"4th Street","ELEVTYP_F":0,"ELEVTYP_T":0},"geometry":{"type":"LineString","coordinates":[[-74.2390131874071,39.5660367518608],[-74.2385102970282,39.5658245426348]]}},{"type":"Feature","id":62472,"properties":{"OBJECTID":62472,"PRIMENAME":"North Atlantic Avenue","ELEVTYP_F":0,"ELEVTYP_T":0},"geometry":{"type":"LineString","coordinates":[[-74.2327850265065,39.5682859372477],[-74.2327096189412,39.568393774028],[-74.2323939636013,39.5688370335265]]}},{"type":"Feature","id":63587,"properties":{"OBJECTID":63587,"PRIMENAME":"West 14th Street","ELEVTYP_F":0,"ELEVTYP_T":0},"geometry":{"type":"LineString","coordinates":[[-74.2357993045281,39.5733519765357],[-74.2363313118529,39.5735884257131]]}},{"type":"Feature","id":64732,"properties":{"OBJECTID":64732,"PRIMENAME":"Fairview Avenue","ELEVTYP_F":0,"ELEVTYP_T":0},"geometry":{"type":"LineString","coordinates":[[-74.2459771629024,39.555127298709],[-74.2478445086417,39.555902679219]]}},{"type":"Feature","id":64932,"properties":{"OBJECTID":64932,"PRIMENAME":"South Pennsylvania Avenue","ELEVTYP_F":0,"ELEVTYP_T":0},"geometry":{"type":"LineString","coordinates":[[-74.2441576119312,39.5644371173097],[-74.2446798646397,39.5636953685503]]}},{"type":"Feature","id":64993,"properties":{"OBJECTID":64993,"PRIMENAME":"Jeffries Avenue","ELEVTYP_F":0,"ELEVTYP_T":0},"geometry":{"type":"LineString","coordinates":[[-74.2529009807312,39.5521629718152],[-74.2509791866969,39.5513625975831]]}},{"type":"Feature","id":65101,"properties":{"OBJECTID":65101,"PRIMENAME":"Beach Avenue","ELEVTYP_F":0,"ELEVTYP_T":0},"geometry":{"type":"LineString","coordinates":[[-74.2322358992059,39.5718591556737],[-74.2323925673782,39.571636466645],[-74.2326572460953,39.5712603843226]]}},{"type":"Feature","id":65450,"properties":{"OBJECTID":65450,"PRIMENAME":"South West Avenue","ELEVTYP_F":0,"ELEVTYP_T":0},"geometry":{"type":"LineString","coordinates":[[-74.2492413036916,39.5538784503068],[-74.2491165879871,39.5540589772115],[-74.2489819947277,39.5542543634949]]}},{"type":"Feature","id":65575,"properties":{"OBJECTID":65575,"PRIMENAME":"Liberty Avenue","ELEVTYP_F":0,"ELEVTYP_T":0},"geometry":{"type":"LineString","coordinates":[[-74.2478110246931,39.5524745350816],[-74.2496781905142,39.553246426154]]}},{"type":"Feature","id":65819,"properties":{"OBJECTID":65819,"PRIMENAME":"Holyoke Avenue","ELEVTYP_F":0,"ELEVTYP_T":0},"geometry":{"type":"LineString","coordinates":[[-74.2444160750289,39.5528567715965],[-74.2445284491234,39.5529043419239],[-74.24534482385,39.5532499171799]]}},{"type":"Feature","id":65888,"properties":{"OBJECTID":65888,"PRIMENAME":"Holyoke Avenue","ELEVTYP_F":0,"ELEVTYP_T":0},"geometry":{"type":"LineString","coordinates":[[-74.24534482385,39.5532499171799],[-74.2468506517148,39.5538630540631]]}},{"type":"Feature","id":65918,"properties":{"OBJECTID":65918,"PRIMENAME":"Beach Avenue","ELEVTYP_F":0,"ELEVTYP_T":0},"geometry":{"type":"LineString","coordinates":[[-74.2292709969915,39.5760804314087],[-74.229386301354,39.575916597815],[-74.2296956498548,39.5754753087118]]}},{"type":"Feature","id":66945,"properties":{"OBJECTID":66945,"PRIMENAME":"Jeffries Avenue","ELEVTYP_F":0,"ELEVTYP_T":0},"geometry":{"type":"LineString","coordinates":[[-74.2509791866969,39.5513625975831],[-74.250650764657,39.5512258228038],[-74.2491173302718,39.5505838738249]]}},{"type":"Feature","id":69279,"properties":{"OBJECTID":69279,"PRIMENAME":"Dolphin Avenue","ELEVTYP_F":0,"ELEVTYP_T":0},"geometry":{"type":"LineString","coordinates":[[-74.242030285057,39.555110258939],[-74.243612258507,39.5557659710476]]}},{"type":"Feature","id":70897,"properties":{"OBJECTID":70897,"PRIMENAME":"4th Street","ELEVTYP_F":0,"ELEVTYP_T":0},"geometry":{"type":"LineString","coordinates":[[-74.2401151387905,39.5665017678529],[-74.2390131874071,39.5660367518608]]}},{"type":"Feature","id":72097,"properties":{"OBJECTID":72097,"PRIMENAME":"South West Avenue","ELEVTYP_F":0,"ELEVTYP_T":0},"geometry":{"type":"LineString","coordinates":[[-74.2539403874959,39.5470644680914],[-74.2536676995973,39.5474675178859]]}},{"type":"Feature","id":72154,"properties":{"OBJECTID":72154,"PRIMENAME":"Ocean Street","ELEVTYP_F":0,"ELEVTYP_T":0},"geometry":{"type":"LineString","coordinates":[[-74.2429572709115,39.5594933441831],[-74.2424715876815,39.5592892338889],[-74.2414130730482,39.55884522994]]}},{"type":"Feature","id":72915,"properties":{"OBJECTID":72915,"PRIMENAME":"Norwood Avenue","ELEVTYP_F":0,"ELEVTYP_T":0},"geometry":{"type":"LineString","coordinates":[[-74.2438095881359,39.5582673497545],[-74.2423039147869,39.5576518952408]]}},{"type":"Feature","id":73422,"properties":{"OBJECTID":73422,"PRIMENAME":"Berkeley Avenue","ELEVTYP_F":0,"ELEVTYP_T":0},"geometry":{"type":"LineString","coordinates":[[-74.2418611792756,39.5582762449208],[-74.2424056949585,39.5585001746845],[-74.2433723971001,39.5589010800337]]}},{"type":"Feature","id":73655,"properties":{"OBJECTID":73655,"PRIMENAME":"North Delaware Avenue","ELEVTYP_F":0,"ELEVTYP_T":0},"geometry":{"type":"LineString","coordinates":[[-74.2412762662525,39.5648591577909],[-74.2413590910729,39.56473628531],[-74.2416155307227,39.5643712279571]]}},{"type":"Feature","id":73751,"properties":{"OBJECTID":73751,"PRIMENAME":"East 14th Street","ELEVTYP_F":0,"ELEVTYP_T":0},"geometry":{"type":"LineString","coordinates":[[-74.2322358992059,39.5718591556737],[-74.2338111745446,39.5725138032617]]}},{"type":"Feature","id":74170,"properties":{"OBJECTID":74170,"PRIMENAME":"Coral Street","ELEVTYP_F":0,"ELEVTYP_T":0},"geometry":{"type":"LineString","coordinates":[[-74.2384797685186,39.5601922344283],[-74.2400048571008,39.5608477302199]]}},{"type":"Feature","id":75024,"properties":{"OBJECTID":75024,"PRIMENAME":"9th Street","ELEVTYP_F":0,"ELEVTYP_T":0},"geometry":{"type":"LineString","coordinates":[[-74.2327850265065,39.5682859372477],[-74.2342947021128,39.5689318613779]]}},{"type":"Feature","id":75646,"properties":{"OBJECTID":75646,"PRIMENAME":"Berkeley Avenue","ELEVTYP_F":0,"ELEVTYP_T":0},"geometry":{"type":"LineString","coordinates":[[-74.2397274195972,39.5573987781112],[-74.2402924267324,39.55763116433]]}},{"type":"Feature","id":76525,"properties":{"OBJECTID":76525,"PRIMENAME":"3rd Street","ELEVTYP_F":0,"ELEVTYP_T":0},"geometry":{"type":"LineString","coordinates":[[-74.2394070608565,39.5654746020631],[-74.240387608577,39.565884404002],[-74.2404576895903,39.56590712857],[-74.2405231206884,39.5659215519722]]}},{"type":"Feature","id":76815,"properties":{"OBJECTID":76815,"PRIMENAME":"Marine Street","ELEVTYP_F":0,"ELEVTYP_T":0},"geometry":{"type":"LineString","coordinates":[[-74.2409521334472,39.5594960579861],[-74.2424945946715,39.5601463705379]]}},{"type":"Feature","id":79265,"properties":{"OBJECTID":79265,"PRIMENAME":"Marine Street","ELEVTYP_F":0,"ELEVTYP_T":0},"geometry":{"type":"LineString","coordinates":[[-74.2388938205044,39.5586205835508],[-74.2394236031666,39.5588459209967]]}},{"type":"Feature","id":79827,"properties":{"OBJECTID":79827,"PRIMENAME":"9th Street","ELEVTYP_F":0,"ELEVTYP_T":0},"geometry":{"type":"LineString","coordinates":[[-74.2358580492594,39.5695857408137],[-74.2364572129193,39.569829735718],[-74.2366514379585,39.5699088271939]]}},{"type":"Feature","id":83326,"properties":{"OBJECTID":83326,"PRIMENAME":"Highland Avenue","ELEVTYP_F":0,"ELEVTYP_T":0},"geometry":{"type":"LineString","coordinates":[[-74.2308749764598,39.577541173602],[-74.2309116241679,39.577541834962],[-74.23094533681,39.5775309037594],[-74.2309760523979,39.5775057423869],[-74.2311664642633,39.5772500218022]]}},{"type":"Feature","id":86148,"properties":{"OBJECTID":86148,"PRIMENAME":"Coral Street","ELEVTYP_F":0,"ELEVTYP_T":0},"geometry":{"type":"LineString","coordinates":[[-74.2415483194619,39.5615017362128],[-74.2419920050762,39.5616901349065]]}},{"type":"Feature","id":86292,"properties":{"OBJECTID":86292,"PRIMENAME":"Nelson Avenue","ELEVTYP_F":0,"ELEVTYP_T":0},"geometry":{"type":"LineString","coordinates":[[-74.2501366399757,39.5477778090626],[-74.2508484655625,39.5480784407062]]}},{"type":"Feature","id":86953,"properties":{"OBJECTID":86953,"PRIMENAME":"3rd Street","ELEVTYP_F":0,"ELEVTYP_T":0},"geometry":{"type":"LineString","coordinates":[[-74.2389043783698,39.5652645082116],[-74.2394070608565,39.5654746020631]]}},{"type":"Feature","id":88612,"properties":{"OBJECTID":88612,"PRIMENAME":"South Atlantic Avenue","ELEVTYP_F":0,"ELEVTYP_T":0},"geometry":{"type":"LineString","coordinates":[[-74.2379990391706,39.5608702968734],[-74.2374644244495,39.5616224757375]]}},{"type":"Feature","id":89437,"properties":{"OBJECTID":89437,"PRIMENAME":"South Beach Avenue","ELEVTYP_F":0,"ELEVTYP_T":0},"geometry":{"type":"LineString","coordinates":[[-74.2449103877049,39.5538797604076],[-74.2452063032627,39.5534498763647],[-74.24534482385,39.5532499171799]]}},{"type":"Feature","id":89488,"properties":{"OBJECTID":89488,"PRIMENAME":"Ocean Street","ELEVTYP_F":0,"ELEVTYP_T":0},"geometry":{"type":"LineString","coordinates":[[-74.2414130730482,39.55884522994],[-74.2398773656189,39.5582010415286]]}},{"type":"Feature","id":89575,"properties":{"OBJECTID":89575,"PRIMENAME":"6th Street","ELEVTYP_F":0,"ELEVTYP_T":0},"geometry":{"type":"LineString","coordinates":[[-74.2344955641576,39.5658522306669],[-74.2335430659079,39.5654542768564]]}},{"type":"Feature","id":90295,"properties":{"OBJECTID":90295,"PRIMENAME":"3rd Street","ELEVTYP_F":0,"ELEVTYP_T":0},"geometry":{"type":"LineString","coordinates":[[-74.2373543229646,39.5646123469001],[-74.2389043783698,39.5652645082116]]}},{"type":"Feature","id":90561,"properties":{"OBJECTID":90561,"PRIMENAME":"South Bay Avenue","ELEVTYP_F":0,"ELEVTYP_T":0},"geometry":{"type":"LineString","coordinates":[[-74.2511942624556,39.5475772313803],[-74.2511457743074,39.5476484881873],[-74.2508484655625,39.5480784407062]]}},{"type":"Feature","id":91011,"properties":{"OBJECTID":91011,"PRIMENAME":"South West Avenue","ELEVTYP_F":0,"ELEVTYP_T":0},"geometry":{"type":"LineString","coordinates":[[-74.2505482686301,39.5519880495717],[-74.2501898597693,39.5525083358681],[-74.2501134243153,39.552618543911]]}},{"type":"Feature","id":91706,"properties":{"OBJECTID":91706,"PRIMENAME":"North Atlantic Avenue","ELEVTYP_F":0,"ELEVTYP_T":0},"geometry":{"type":"LineString","coordinates":[[-74.2363635948615,39.5631911370703],[-74.2362354510783,39.5633739759458],[-74.2358179546164,39.5639694487584]]}},{"type":"Feature","id":92494,"properties":{"OBJECTID":92494,"PRIMENAME":"West 15th Street","ELEVTYP_F":0,"ELEVTYP_T":0},"geometry":{"type":"LineString","coordinates":[[-74.2353686306577,39.5739533194606],[-74.2349494914374,39.573778569712]]}},{"type":"Feature","id":92575,"properties":{"OBJECTID":92575,"PRIMENAME":"South West Avenue","ELEVTYP_F":0,"ELEVTYP_T":0},"geometry":{"type":"LineString","coordinates":[[-74.2448283887977,39.5621074366156],[-74.2453021010711,39.5628470620502]]}},{"type":"Feature","id":92667,"properties":{"OBJECTID":92667,"PRIMENAME":"South Beach Avenue","ELEVTYP_F":0,"ELEVTYP_T":0},"geometry":{"type":"LineString","coordinates":[[-74.2395285257539,39.5615288011444],[-74.2400048571008,39.5608477302199]]}},{"type":"Feature","id":92730,"properties":{"OBJECTID":92730,"PRIMENAME":"3rd Street","ELEVTYP_F":0,"ELEVTYP_T":0},"geometry":{"type":"LineString","coordinates":[[-74.2405231206884,39.5659215519722],[-74.2405925160993,39.5659377686233],[-74.2406854961133,39.565965321879],[-74.2411359026777,39.5661554438885],[-74.2415379709324,39.5663251603751]]}},{"type":"Feature","id":92770,"properties":{"OBJECTID":92770,"PRIMENAME":"North Atlantic Avenue","ELEVTYP_F":0,"ELEVTYP_T":0},"geometry":{"type":"LineString","coordinates":[[-74.2354337638633,39.5645173871051],[-74.2349521615261,39.5652042475836]]}},{"type":"Feature","id":92806,"properties":{"OBJECTID":92806,"PRIMENAME":"Fairview Avenue","ELEVTYP_F":0,"ELEVTYP_T":0},"geometry":{"type":"LineString","coordinates":[[-74.2432186159346,39.5539809712421],[-74.2444819650004,39.5545021206839]]}},{"type":"Feature","id":92976,"properties":{"OBJECTID":92976,"PRIMENAME":"South West Avenue","ELEVTYP_F":0,"ELEVTYP_T":0},"geometry":{"type":"LineString","coordinates":[[-74.2509791866969,39.5513625975831],[-74.2509511646626,39.551403144632],[-74.2505482686301,39.5519880495717]]}},{"type":"Feature","id":93069,"properties":{"OBJECTID":93069,"PRIMENAME":"Dolphin Avenue","ELEVTYP_F":0,"ELEVTYP_T":0},"geometry":{"type":"LineString","coordinates":[[-74.2451097751901,39.5563828456492],[-74.2456713554738,39.5566140452592],[-74.2469753049622,39.5571569731091]]}},{"type":"Feature","id":93398,"properties":{"OBJECTID":93398,"PRIMENAME":"Beach Avenue","ELEVTYP_F":0,"ELEVTYP_T":0},"geometry":{"type":"LineString","coordinates":[[-74.2301184049869,39.5748722941025],[-74.2305423312475,39.5742676339843]]}},{"type":"Feature","id":93436,"properties":{"OBJECTID":93436,"PRIMENAME":"Berkeley Avenue","ELEVTYP_F":0,"ELEVTYP_T":0},"geometry":{"type":"LineString","coordinates":[[-74.2452426426652,39.5596789791524],[-74.2456743028388,39.559857261395]]}},{"type":"Feature","id":93489,"properties":{"OBJECTID":93489,"PRIMENAME":"South Pennsylvania Avenue","ELEVTYP_F":0,"ELEVTYP_T":0},"geometry":{"type":"LineString","coordinates":[[-74.2446798646397,39.5636953685503],[-74.2451560855408,39.5630252587545]]}},{"type":"Feature","id":94002,"properties":{"OBJECTID":94002,"PRIMENAME":"Chatsworth Avenue","ELEVTYP_F":0,"ELEVTYP_T":0},"geometry":{"type":"LineString","coordinates":[[-74.2470259695992,39.5579926444663],[-74.24653390179,39.5577978719526]]}},{"type":"Feature","id":94166,"properties":{"OBJECTID":94166,"PRIMENAME":"Station Plaza","ELEVTYP_F":0,"ELEVTYP_T":0},"geometry":{"type":"LineString","coordinates":[[-74.2385372078305,39.5667161722376],[-74.2390131874071,39.5660367518608]]}},{"type":"Feature","id":94312,"properties":{"OBJECTID":94312,"PRIMENAME":"South Bay Avenue","ELEVTYP_F":0,"ELEVTYP_T":0},"geometry":{"type":"LineString","coordinates":[[-74.241072534832,39.5621819633818],[-74.2405518559612,39.5629222989019]]}},{"type":"Feature","id":95054,"properties":{"OBJECTID":95054,"PRIMENAME":"Norwood Avenue","ELEVTYP_F":0,"ELEVTYP_T":0},"geometry":{"type":"LineString","coordinates":[[-74.245675553655,39.5590486104589],[-74.2438095881359,39.5582673497545]]}},{"type":"Feature","id":95104,"properties":{"OBJECTID":95104,"PRIMENAME":"South Atlantic Avenue","ELEVTYP_F":0,"ELEVTYP_T":0},"geometry":{"type":"LineString","coordinates":[[-74.2394236031666,39.5588459209967],[-74.2390846822519,39.5593307154796],[-74.2389502784201,39.5595221368437]]}},{"type":"Feature","id":95902,"properties":{"OBJECTID":95902,"PRIMENAME":"6th Street","ELEVTYP_F":0,"ELEVTYP_T":0},"geometry":{"type":"LineString","coordinates":[[-74.2360238394132,39.5664947980473],[-74.2344955641576,39.5658522306669]]}},{"type":"Feature","id":97447,"properties":{"OBJECTID":97447,"PRIMENAME":"North Delaware Avenue","ELEVTYP_F":0,"ELEVTYP_T":0},"geometry":{"type":"LineString","coordinates":[[-74.239170665729,39.5678329010235],[-74.2392825165344,39.5676717122804],[-74.2396334182515,39.5671812618056]]}},{"type":"Feature","id":98141,"properties":{"OBJECTID":98141,"PRIMENAME":"5th Street","ELEVTYP_F":0,"ELEVTYP_T":0},"geometry":{"type":"LineString","coordinates":[[-74.2364822908075,39.565850931572],[-74.2367459689132,39.565962614629],[-74.2380340750869,39.5665012689086]]}},{"type":"Feature","id":100290,"properties":{"OBJECTID":100290,"PRIMENAME":"South Atlantic Avenue","ELEVTYP_F":0,"ELEVTYP_T":0},"geometry":{"type":"LineString","coordinates":[[-74.2411661827319,39.5563694903691],[-74.2408639105498,39.5568007504069],[-74.2407264486153,39.5570063624507]]}},{"type":"Feature","id":100380,"properties":{"OBJECTID":100380,"PRIMENAME":"Leeward Avenue","ELEVTYP_F":0,"ELEVTYP_T":0},"geometry":{"type":"LineString","coordinates":[[-74.2489707743112,39.548914218295],[-74.2490967987778,39.5489645250585],[-74.2499893519241,39.5493208101626]]}},{"type":"Feature","id":100700,"properties":{"OBJECTID":100700,"PRIMENAME":"Marine Street","ELEVTYP_F":0,"ELEVTYP_T":0},"geometry":{"type":"LineString","coordinates":[[-74.2394236031666,39.5588459209967],[-74.2409521334472,39.5594960579861]]}},{"type":"Feature","id":101076,"properties":{"OBJECTID":101076,"PRIMENAME":"Essex Avenue","ELEVTYP_F":0,"ELEVTYP_T":0},"geometry":{"type":"LineString","coordinates":[[-74.247867521585,39.5567273351496],[-74.2477643021344,39.5566841657197],[-74.2474065951606,39.5565345561056]]}},{"type":"Feature","id":102295,"properties":{"OBJECTID":102295,"PRIMENAME":"Engleside Avenue","ELEVTYP_F":0,"ELEVTYP_T":0},"geometry":{"type":"LineString","coordinates":[[-74.2457469063392,39.5651037979281],[-74.2461396694931,39.5652677159086]]}},{"type":"Feature","id":103544,"properties":{"OBJECTID":103544,"PRIMENAME":"7th Street","ELEVTYP_F":0,"ELEVTYP_T":0},"geometry":{"type":"LineString","coordinates":[[-74.2331595541509,39.566040509162],[-74.2340845446737,39.5664346424069]]}},{"type":"Feature","id":103931,"properties":{"OBJECTID":103931,"PRIMENAME":"North Delaware Avenue","ELEVTYP_F":0,"ELEVTYP_T":0},"geometry":{"type":"LineString","coordinates":[[-74.2387622707702,39.5684036654807],[-74.2390447604251,39.5680143750911],[-74.239170665729,39.5678329010235]]}},{"type":"Feature","id":107861,"properties":{"OBJECTID":107861,"PRIMENAME":"South West Avenue","ELEVTYP_F":0,"ELEVTYP_T":0},"geometry":{"type":"LineString","coordinates":[[-74.2496781905142,39.553246426154],[-74.2496216822673,39.5533279311444],[-74.2492413036916,39.5538784503068]]}},{"type":"Feature","id":108488,"properties":{"OBJECTID":108488,"PRIMENAME":"South Beach Avenue","ELEVTYP_F":0,"ELEVTYP_T":0},"geometry":{"type":"LineString","coordinates":[[-74.2400048571008,39.5608477302199],[-74.2400881622204,39.5607286212754],[-74.2404796967665,39.5601743960997]]}},{"type":"Feature","id":108966,"properties":{"OBJECTID":108966,"PRIMENAME":"Engleside Avenue","ELEVTYP_F":0,"ELEVTYP_T":0},"geometry":{"type":"LineString","coordinates":[[-74.2366878175746,39.5612942152665],[-74.2374644244495,39.5616224757375]]}},{"type":"Feature","id":110898,"properties":{"OBJECTID":110898,"PRIMENAME":"4th Street","ELEVTYP_F":0,"ELEVTYP_T":0},"geometry":{"type":"LineString","coordinates":[[-74.2369640841819,39.5651673873121],[-74.2355558830068,39.5645675247948],[-74.2354337638633,39.5645173871051]]}},{"type":"Feature","id":111008,"properties":{"OBJECTID":111008,"PRIMENAME":"Engleside Avenue","ELEVTYP_F":0,"ELEVTYP_T":0},"geometry":{"type":"LineString","coordinates":[[-74.2421584638697,39.5635983201184],[-74.2423063658727,39.5636605603112],[-74.2441576119312,39.5644371173097]]}},{"type":"Feature","id":111120,"properties":{"OBJECTID":111120,"PRIMENAME":"Pelham Avenue","ELEVTYP_F":0,"ELEVTYP_T":0},"geometry":{"type":"LineString","coordinates":[[-74.2501134243153,39.552618543911],[-74.2497928339526,39.5524823600681],[-74.2482454204506,39.5518464922009]]}},{"type":"Feature","id":111453,"properties":{"OBJECTID":111453,"PRIMENAME":"Long Beach Boulevard","ELEVTYP_F":0,"ELEVTYP_T":0},"geometry":{"type":"LineString","coordinates":[[-74.2389043783698,39.5652645082116],[-74.2385102970282,39.5658245426348]]}},{"type":"Feature","id":111478,"properties":{"OBJECTID":111478,"PRIMENAME":"11th Street","ELEVTYP_F":0,"ELEVTYP_T":0},"geometry":{"type":"LineString","coordinates":[[-74.2311117701481,39.5689902972973],[-74.2320151288181,39.5693712995187]]}},{"type":"Feature","id":112662,"properties":{"OBJECTID":112662,"PRIMENAME":"Long Beach Boulevard","ELEVTYP_F":0,"ELEVTYP_T":0},"geometry":{"type":"LineString","coordinates":[[-74.2333850501017,39.5731191307543],[-74.2329588991626,39.5737294252255]]}},{"type":"Feature","id":114921,"properties":{"OBJECTID":114921,"PRIMENAME":"Ocean Street","ELEVTYP_F":0,"ELEVTYP_T":0},"geometry":{"type":"LineString","coordinates":[[-74.2398773656189,39.5582010415286],[-74.2393801907592,39.5579924715549]]}},{"type":"Feature","id":114954,"properties":{"OBJECTID":114954,"PRIMENAME":"South Beach Avenue","ELEVTYP_F":0,"ELEVTYP_T":0},"geometry":{"type":"LineString","coordinates":[[-74.2431797080076,39.5563953450576],[-74.243612258507,39.5557659710476]]}},{"type":"Feature","id":116437,"properties":{"OBJECTID":116437,"PRIMENAME":"North Beach Avenue","ELEVTYP_F":0,"ELEVTYP_T":0},"geometry":{"type":"LineString","coordinates":[[-74.2373543229646,39.5646123469001],[-74.2377850060594,39.5639981189937],[-74.237896951724,39.5638393754946]]}},{"type":"Feature","id":116920,"properties":{"OBJECTID":116920,"PRIMENAME":"6th Street","ELEVTYP_F":0,"ELEVTYP_T":0},"geometry":{"type":"LineString","coordinates":[[-74.237573072931,39.5671563377313],[-74.2366436795279,39.5667553863057],[-74.2360238394132,39.5664947980473]]}},{"type":"Feature","id":117677,"properties":{"OBJECTID":117677,"PRIMENAME":"South West Avenue","ELEVTYP_F":0,"ELEVTYP_T":0},"geometry":{"type":"LineString","coordinates":[[-74.2514194273312,39.5507261536448],[-74.2509791866969,39.5513625975831]]}},{"type":"Feature","id":119776,"properties":{"OBJECTID":119776,"PRIMENAME":"Stratford Avenue","ELEVTYP_F":0,"ELEVTYP_T":0},"geometry":{"type":"LineString","coordinates":[[-74.2474311434075,39.5507040754248],[-74.2486796674116,39.5512178437775]]}},{"type":"Feature","id":120078,"properties":{"OBJECTID":120078,"PRIMENAME":"Waverly Avenue","ELEVTYP_F":0,"ELEVTYP_T":0},"geometry":{"type":"LineString","coordinates":[[-74.2345224406075,39.5743853259598],[-74.2349494914374,39.573778569712]]}},{"type":"Feature","id":120117,"properties":{"OBJECTID":120117,"PRIMENAME":"Long Beach Boulevard","ELEVTYP_F":0,"ELEVTYP_T":0},"geometry":{"type":"LineString","coordinates":[[-74.2344440396536,39.5716182549355],[-74.2344292160157,39.5716396009566],[-74.2342289343198,39.5719228701082]]}},{"type":"Feature","id":120264,"properties":{"OBJECTID":120264,"PRIMENAME":"North Beach Avenue","ELEVTYP_F":0,"ELEVTYP_T":0},"geometry":{"type":"LineString","coordinates":[[-74.2351980581939,39.5676482552939],[-74.2355996919977,39.5670801227014]]}},{"type":"Feature","id":121248,"properties":{"OBJECTID":121248,"PRIMENAME":"Beach Avenue","ELEVTYP_F":0,"ELEVTYP_T":0},"geometry":{"type":"LineString","coordinates":[[-74.2305423312475,39.5742676339843],[-74.2308356101264,39.5738493399533],[-74.2309600397456,39.5736724844469]]}},{"type":"Feature","id":121462,"properties":{"OBJECTID":121462,"PRIMENAME":"Leeward Avenue","ELEVTYP_F":0,"ELEVTYP_T":0},"geometry":{"type":"LineString","coordinates":[[-74.2499893519241,39.5493208101626],[-74.2518549627873,39.5501040302039]]}},{"type":"Feature","id":121464,"properties":{"OBJECTID":121464,"PRIMENAME":"North Beach Avenue","ELEVTYP_F":0,"ELEVTYP_T":0},"geometry":{"type":"LineString","coordinates":[[-74.2328733061555,39.5709532988941],[-74.2330936755903,39.5706400922672]]}},{"type":"Feature","id":121709,"properties":{"OBJECTID":121709,"PRIMENAME":"South Bay Avenue","ELEVTYP_F":0,"ELEVTYP_T":0},"geometry":{"type":"LineString","coordinates":[[-74.2415483194619,39.5615017362128],[-74.2413975383841,39.5617197833032],[-74.241072534832,39.5621819633818]]}},{"type":"Feature","id":122362,"properties":{"OBJECTID":122362,"PRIMENAME":"Dock Road","ELEVTYP_F":0,"ELEVTYP_T":0},"geometry":{"type":"LineString","coordinates":[[-74.2432417137566,39.565753410381],[-74.2424849284945,39.5654073593948],[-74.2412762662525,39.5648591577909]]}},{"type":"Feature","id":124508,"properties":{"OBJECTID":124508,"PRIMENAME":"North Atlantic Avenue","ELEVTYP_F":0,"ELEVTYP_T":0},"geometry":{"type":"LineString","coordinates":[[-74.2332300113347,39.5676495473347],[-74.2327850265065,39.5682859372477]]}},{"type":"Feature","id":124693,"properties":{"OBJECTID":124693,"PRIMENAME":"Fairview Avenue","ELEVTYP_F":0,"ELEVTYP_T":0},"geometry":{"type":"LineString","coordinates":[[-74.2478445086417,39.555902679219],[-74.2483241788394,39.5560999181496]]}},{"type":"Feature","id":126197,"properties":{"OBJECTID":126197,"PRIMENAME":"South Bay Avenue","ELEVTYP_F":0,"ELEVTYP_T":0},"geometry":{"type":"LineString","coordinates":[[-74.2424945946715,39.5601463705379],[-74.2421169182836,39.5606794091682],[-74.2420174573353,39.5608232487675]]}},{"type":"Feature","id":126897,"properties":{"OBJECTID":126897,"PRIMENAME":"South Atlantic Avenue","ELEVTYP_F":0,"ELEVTYP_T":0},"geometry":{"type":"LineString","coordinates":[[-74.2398773656189,39.5582010415286],[-74.2398053476283,39.5582998856407],[-74.2394236031666,39.5588459209967]]}},{"type":"Feature","id":128058,"properties":{"OBJECTID":128058,"PRIMENAME":"Coral Street","ELEVTYP_F":0,"ELEVTYP_T":0},"geometry":{"type":"LineString","coordinates":[[-74.2400048571008,39.5608477302199],[-74.2415483194619,39.5615017362128]]}},{"type":"Feature","id":129718,"properties":{"OBJECTID":129718,"PRIMENAME":"South Atlantic Avenue","ELEVTYP_F":0,"ELEVTYP_T":0},"geometry":{"type":"LineString","coordinates":[[-74.2407264486153,39.5570063624507],[-74.2402924267324,39.55763116433]]}},{"type":"Feature","id":130430,"properties":{"OBJECTID":130430,"PRIMENAME":"21st Street","ELEVTYP_F":0,"ELEVTYP_T":0},"geometry":{"type":"LineString","coordinates":[[-74.2326317929657,39.5774895483871],[-74.2323221933911,39.5773621832337]]}},{"type":"Feature","id":130485,"properties":{"OBJECTID":130485,"PRIMENAME":"Grosser Street","ELEVTYP_F":0,"ELEVTYP_T":0},"geometry":{"type":"LineString","coordinates":[[-74.2530913424864,39.5482870307108],[-74.2550710776518,39.5491029498562]]}},{"type":"Feature","id":132615,"properties":{"OBJECTID":132615,"PRIMENAME":"Dock Road","ELEVTYP_F":0,"ELEVTYP_T":0},"geometry":{"type":"LineString","coordinates":[[-74.2443660537987,39.5662619799852],[-74.243503066811,39.5658729259486],[-74.2432417137566,39.565753410381]]}},{"type":"Feature","id":132665,"properties":{"OBJECTID":132665,"PRIMENAME":"Norwood Avenue","ELEVTYP_F":0,"ELEVTYP_T":0},"geometry":{"type":"LineString","coordinates":[[-74.246112569109,39.5592261614689],[-74.2460004835548,39.5591806245962],[-74.245675553655,39.5590486104589]]}},{"type":"Feature","id":134123,"properties":{"OBJECTID":134123,"PRIMENAME":"North Pennsylvania Avenue","ELEVTYP_F":0,"ELEVTYP_T":0},"geometry":{"type":"LineString","coordinates":[[-74.2429921414091,39.5660848262287],[-74.2432417137566,39.565753410381]]}},{"type":"Feature","id":136017,"properties":{"OBJECTID":136017,"PRIMENAME":"Taylor Avenue","ELEVTYP_F":0,"ELEVTYP_T":0},"geometry":{"type":"LineString","coordinates":[[-74.2322891865277,39.5672464766264],[-74.2332300113347,39.5676495473347]]}},{"type":"Feature","id":136744,"properties":{"OBJECTID":136744,"PRIMENAME":"South Beach Avenue","ELEVTYP_F":0,"ELEVTYP_T":0},"geometry":{"type":"LineString","coordinates":[[-74.243612258507,39.5557659710476],[-74.2437948684587,39.5555002443869],[-74.244045333755,39.5551363767173]]}},{"type":"Feature","id":145002,"properties":{"OBJECTID":145002,"PRIMENAME":"8th Street","ELEVTYP_F":0,"ELEVTYP_T":0},"geometry":{"type":"LineString","coordinates":[[-74.2395207602609,39.5694544507339],[-74.2395072072806,39.5694490472312],[-74.2388066526833,39.5691697847216],[-74.2383495634087,39.5689875709532]]}},{"type":"Feature","id":146902,"properties":{"OBJECTID":146902,"PRIMENAME":"Long Beach Boulevard","ELEVTYP_F":0,"ELEVTYP_T":0},"geometry":{"type":"LineString","coordinates":[[-74.2304038982088,39.5773537403792],[-74.2301227006012,39.5777537474706],[-74.2299802801032,39.5779562862488]]}},{"type":"Feature","id":147683,"properties":{"OBJECTID":147683,"PRIMENAME":"South West Avenue","ELEVTYP_F":0,"ELEVTYP_T":0},"geometry":{"type":"LineString","coordinates":[[-74.2453021010711,39.5628470620502],[-74.2454275934263,39.5630430135759]]}},{"type":"Feature","id":148567,"properties":{"OBJECTID":148567,"PRIMENAME":"West 18th Street","ELEVTYP_F":0,"ELEVTYP_T":0},"geometry":{"type":"LineString","coordinates":[[-74.2344894642546,39.5759337773903],[-74.2349189853865,39.5761152244632]]}},{"type":"Feature","id":149213,"properties":{"OBJECTID":149213,"PRIMENAME":"Long Beach Boulevard","ELEVTYP_F":0,"ELEVTYP_T":0},"geometry":{"type":"LineString","coordinates":[[-74.2400082723783,39.5636952528042],[-74.2396892408317,39.5641489037395]]}},{"type":"Feature","id":149231,"properties":{"OBJECTID":149231,"PRIMENAME":"Glendola Avenue","ELEVTYP_F":0,"ELEVTYP_T":0},"geometry":{"type":"LineString","coordinates":[[-74.2487513103083,39.5554745486815],[-74.2482785671879,39.5552752952445]]}},{"type":"Feature","id":149267,"properties":{"OBJECTID":149267,"PRIMENAME":"Centre Street","ELEVTYP_F":0,"ELEVTYP_T":0},"geometry":{"type":"LineString","coordinates":[[-74.2384583111583,39.5630434359618],[-74.2369209213482,39.5623958001603]]}},{"type":"Feature","id":150087,"properties":{"OBJECTID":150087,"PRIMENAME":"5th Street","ELEVTYP_F":0,"ELEVTYP_T":0},"geometry":{"type":"LineString","coordinates":[[-74.2340498265085,39.5648253564998],[-74.2349521615261,39.5652042475836]]}},{"type":"Feature","id":151448,"properties":{"OBJECTID":151448,"PRIMENAME":"North Atlantic Avenue","ELEVTYP_F":0,"ELEVTYP_T":0},"geometry":{"type":"LineString","coordinates":[[-74.2344955641576,39.5658522306669],[-74.2340845446737,39.5664346424069]]}},{"type":"Feature","id":153773,"properties":{"OBJECTID":153773,"PRIMENAME":"South West Avenue","ELEVTYP_F":0,"ELEVTYP_T":0},"geometry":{"type":"LineString","coordinates":[[-74.2455156645796,39.5631805397358],[-74.2460775701759,39.5640578260486],[-74.2461105318689,39.5641236826556],[-74.2461361978945,39.5641866390309],[-74.2461434339207,39.5642352796425],[-74.2461516049553,39.5642805993317]]}},{"type":"Feature","id":155223,"properties":{"OBJECTID":155223,"PRIMENAME":"East 16th Street","ELEVTYP_F":0,"ELEVTYP_T":0},"geometry":{"type":"LineString","coordinates":[[-74.2290565024054,39.5720683843273],[-74.2298679019851,39.5724208277431]]}},{"type":"Feature","id":158426,"properties":{"OBJECTID":158426,"PRIMENAME":"Long Beach Boulevard","ELEVTYP_F":0,"ELEVTYP_T":0},"geometry":{"type":"LineString","coordinates":[[-74.2308360335762,39.5767395980406],[-74.2306466708803,39.5770084988635],[-74.2304038982088,39.5773537403792]]}},{"type":"Feature","id":160119,"properties":{"OBJECTID":160119,"PRIMENAME":"South Delaware Avenue","ELEVTYP_F":0,"ELEVTYP_T":0},"geometry":{"type":"LineString","coordinates":[[-74.2416155307227,39.5643712279571],[-74.2421584638697,39.5635983201184]]}},{"type":"Feature","id":160135,"properties":{"OBJECTID":160135,"PRIMENAME":"Iroquois Avenue","ELEVTYP_F":0,"ELEVTYP_T":0},"geometry":{"type":"LineString","coordinates":[[-74.2458765081574,39.5524823190367],[-74.2453308188435,39.552249590455]]}},{"type":"Feature","id":160455,"properties":{"OBJECTID":160455,"PRIMENAME":"South Beach Avenue","ELEVTYP_F":0,"ELEVTYP_T":0},"geometry":{"type":"LineString","coordinates":[[-74.244045333755,39.5551363767173],[-74.2444819650004,39.5545021206839]]}},{"type":"Feature","id":161059,"properties":{"OBJECTID":161059,"PRIMENAME":"South West Avenue","ELEVTYP_F":0,"ELEVTYP_T":0},"geometry":{"type":"LineString","coordinates":[[-74.2469753049622,39.5571569731091],[-74.2468621688408,39.5573202259616],[-74.24653390179,39.5577978719526]]}},{"type":"Feature","id":161666,"properties":{"OBJECTID":161666,"PRIMENAME":"South Atlantic Avenue","ELEVTYP_F":0,"ELEVTYP_T":0},"geometry":{"type":"LineString","coordinates":[[-74.2416067406346,39.5557470875668],[-74.2411661827319,39.5563694903691]]}},{"type":"Feature","id":161742,"properties":{"OBJECTID":161742,"PRIMENAME":"West 21st Street","ELEVTYP_F":0,"ELEVTYP_T":0},"geometry":{"type":"LineString","coordinates":[[-74.2313735659559,39.5769718534488],[-74.2309824619364,39.5768022067173],[-74.2308360335762,39.5767395980406]]}},{"type":"Feature","id":162219,"properties":{"OBJECTID":162219,"PRIMENAME":"Long Beach Boulevard","ELEVTYP_F":0,"ELEVTYP_T":0},"geometry":{"type":"LineString","coordinates":[[-74.2363045589493,39.5689536268032],[-74.2358580492594,39.5695857408137]]}},{"type":"Feature","id":163082,"properties":{"OBJECTID":163082,"PRIMENAME":"South Beach Avenue","ELEVTYP_F":0,"ELEVTYP_T":0},"geometry":{"type":"LineString","coordinates":[[-74.2414130730482,39.55884522994],[-74.2415145076686,39.558704085818],[-74.2416295794844,39.5585584968594],[-74.2417928895592,39.5583557975945],[-74.2418611792756,39.5582762449208]]}},{"type":"Feature","id":163755,"properties":{"OBJECTID":163755,"PRIMENAME":"Waverly Avenue","ELEVTYP_F":0,"ELEVTYP_T":0},"geometry":{"type":"LineString","coordinates":[[-74.2323221933911,39.5773621832337],[-74.2323995397346,39.5773431424507],[-74.2324550789378,39.5773118062898],[-74.2324884908906,39.5772775637145],[-74.2325702257419,39.5771690824475],[-74.2327374595009,39.5769235189031],[-74.2328233925988,39.5767933843876]]}},{"type":"Feature","id":163773,"properties":{"OBJECTID":163773,"PRIMENAME":"South West Avenue","ELEVTYP_F":0,"ELEVTYP_T":0},"geometry":{"type":"LineString","coordinates":[[-74.2461516049553,39.5642805993317],[-74.2461542825105,39.5642953761097],[-74.2461539696965,39.5643811743681],[-74.2461425683119,39.564472687251],[-74.2461126511722,39.5645641038363],[-74.2460568883456,39.5646612307115],[-74.2457469063392,39.5651037979281]]}},{"type":"Feature","id":163925,"properties":{"OBJECTID":163925,"PRIMENAME":"South Bay Avenue","ELEVTYP_F":0,"ELEVTYP_T":0},"geometry":{"type":"LineString","coordinates":[[-74.2446747123361,39.5570132627569],[-74.2442371088658,39.5576476269809]]}},{"type":"Feature","id":164056,"properties":{"OBJECTID":164056,"PRIMENAME":"Kentford Avenue","ELEVTYP_F":0,"ELEVTYP_T":0},"geometry":{"type":"LineString","coordinates":[[-74.2485362310042,39.5495510492039],[-74.24954621486,39.5499626778908]]}},{"type":"Feature","id":165959,"properties":{"OBJECTID":165959,"PRIMENAME":"South Bay Avenue","ELEVTYP_F":0,"ELEVTYP_T":0},"geometry":{"type":"LineString","coordinates":[[-74.2482454204506,39.5518464922009],[-74.2478110246931,39.5524745350816]]}},{"type":"Feature","id":166210,"properties":{"OBJECTID":166210,"PRIMENAME":"North Delaware Avenue","ELEVTYP_F":0,"ELEVTYP_T":0},"geometry":{"type":"LineString","coordinates":[[-74.2383495634087,39.5689875709532],[-74.2386324356153,39.5685825774499],[-74.2387622707702,39.5684036654807]]}},{"type":"Feature","id":166992,"properties":{"OBJECTID":166992,"PRIMENAME":"North Beach Avenue","ELEVTYP_F":0,"ELEVTYP_T":0},"geometry":{"type":"LineString","coordinates":[[-74.2369640841819,39.5651673873121],[-74.2371683318902,39.564877587824],[-74.2373543229646,39.5646123469001]]}},{"type":"Feature","id":167281,"properties":{"OBJECTID":167281,"PRIMENAME":"Beach Avenue","ELEVTYP_F":0,"ELEVTYP_T":0},"geometry":{"type":"LineString","coordinates":[[-74.2318127599063,39.5724605578592],[-74.2322358992059,39.5718591556737]]}},{"type":"Feature","id":167913,"properties":{"OBJECTID":167913,"PRIMENAME":"9th Street","ELEVTYP_F":0,"ELEVTYP_T":0},"geometry":{"type":"LineString","coordinates":[[-74.2318579015187,39.5678979114133],[-74.2327850265065,39.5682859372477]]}},{"type":"Feature","id":168270,"properties":{"OBJECTID":168270,"PRIMENAME":"Long Beach Boulevard","ELEVTYP_F":0,"ELEVTYP_T":0},"geometry":{"type":"LineString","coordinates":[[-74.2346643671801,39.5713010061896],[-74.2344440396536,39.5716182549355]]}},{"type":"Feature","id":168435,"properties":{"OBJECTID":168435,"PRIMENAME":"Pelham Avenue","ELEVTYP_F":0,"ELEVTYP_T":0},"geometry":{"type":"LineString","coordinates":[[-74.2482454204506,39.5518464922009],[-74.2480996218086,39.551786597034],[-74.2467568566333,39.5512345638199]]}},{"type":"Feature","id":168652,"properties":{"OBJECTID":168652,"PRIMENAME":"South Bay Avenue","ELEVTYP_F":0,"ELEVTYP_T":0},"geometry":{"type":"LineString","coordinates":[[-74.2405518559612,39.5629222989019],[-74.2400082723783,39.5636952528042]]}},{"type":"Feature","id":169415,"properties":{"OBJECTID":169415,"PRIMENAME":"South Pennsylvania Avenue","ELEVTYP_F":0,"ELEVTYP_T":0},"geometry":{"type":"LineString","coordinates":[[-74.2451560855408,39.5630252587545],[-74.2451571911285,39.5630236686059],[-74.2453021010711,39.5628470620502]]}},{"type":"Feature","id":170630,"properties":{"OBJECTID":170630,"PRIMENAME":"South West Avenue","ELEVTYP_F":0,"ELEVTYP_T":0},"geometry":{"type":"LineString","coordinates":[[-74.2478445086417,39.555902679219],[-74.2474065951606,39.5565345561056]]}},{"type":"Feature","id":171499,"properties":{"OBJECTID":171499,"PRIMENAME":"West 16th Street","ELEVTYP_F":0,"ELEVTYP_T":0},"geometry":{"type":"LineString","coordinates":[[-74.2345224406075,39.5743853259598],[-74.2353102651742,39.5747196934736],[-74.2356276202661,39.5748491005081],[-74.2358084374139,39.5749181516281],[-74.2360039946646,39.5750015393502]]}},{"type":"Feature","id":171516,"properties":{"OBJECTID":171516,"PRIMENAME":"South Beach Avenue","ELEVTYP_F":0,"ELEVTYP_T":0},"geometry":{"type":"LineString","coordinates":[[-74.2384583111583,39.5630434359618],[-74.2389328953322,39.5623705204284],[-74.2390031758316,39.562272826024]]}},{"type":"Feature","id":173431,"properties":{"OBJECTID":173431,"PRIMENAME":"South West Avenue","ELEVTYP_F":0,"ELEVTYP_T":0},"geometry":{"type":"LineString","coordinates":[[-74.24653390179,39.5577978719526],[-74.2461081400744,39.5584173331854]]}},{"type":"Feature","id":175160,"properties":{"OBJECTID":175160,"PRIMENAME":"South Delaware Avenue","ELEVTYP_F":0,"ELEVTYP_T":0},"geometry":{"type":"LineString","coordinates":[[-74.2426739741756,39.5628614250121],[-74.2431501768959,39.5621806707295]]}},{"type":"Feature","id":175704,"properties":{"OBJECTID":175704,"PRIMENAME":"Taylor Avenue","ELEVTYP_F":0,"ELEVTYP_T":0},"geometry":{"type":"LineString","coordinates":[[-74.2363045589493,39.5689536268032],[-74.2370988677528,39.5692853605909]]}},{"type":"Feature","id":176017,"properties":{"OBJECTID":176017,"PRIMENAME":"9th Street","ELEVTYP_F":0,"ELEVTYP_T":0},"geometry":{"type":"LineString","coordinates":[[-74.2366514379585,39.5699088271939],[-74.2373198209214,39.5701872516766],[-74.2374363404279,39.5702357884313],[-74.2374695702388,39.5702387189593]]}},{"type":"Feature","id":176324,"properties":{"OBJECTID":176324,"PRIMENAME":"West 20th Street","ELEVTYP_F":0,"ELEVTYP_T":0},"geometry":{"type":"LineString","coordinates":[[-74.2328233925988,39.5767933843876],[-74.2332597302566,39.5769738371656]]}},{"type":"Feature","id":177459,"properties":{"OBJECTID":177459,"PRIMENAME":"Beach Avenue","ELEVTYP_F":0,"ELEVTYP_T":0},"geometry":{"type":"LineString","coordinates":[[-74.2326572460953,39.5712603843226],[-74.2328561824553,39.5709776363084],[-74.2328733061555,39.5709532988941]]}},{"type":"Feature","id":178032,"properties":{"OBJECTID":178032,"PRIMENAME":"South West Avenue","ELEVTYP_F":0,"ELEVTYP_T":0},"geometry":{"type":"LineString","coordinates":[[-74.2487145177276,39.5546425324169],[-74.2482785671879,39.5552752952445]]}},{"type":"Feature","id":181139,"properties":{"OBJECTID":181139,"PRIMENAME":"Beach Avenue","ELEVTYP_F":0,"ELEVTYP_T":0},"geometry":{"type":"LineString","coordinates":[[-74.2309600397456,39.5736724844469],[-74.231388116129,39.5730641510452]]}},{"type":"Feature","id":181719,"properties":{"OBJECTID":181719,"PRIMENAME":"Dock Road","ELEVTYP_F":0,"ELEVTYP_T":0},"geometry":{"type":"LineString","coordinates":[[-74.2412762662525,39.5648591577909],[-74.2396892408317,39.5641489037395]]}},{"type":"Feature","id":182225,"properties":{"OBJECTID":182225,"PRIMENAME":"Essex Avenue","ELEVTYP_F":0,"ELEVTYP_T":0},"geometry":{"type":"LineString","coordinates":[[-74.2455434015332,39.555755196285],[-74.244045333755,39.5551363767173]]}},{"type":"Feature","id":183188,"properties":{"OBJECTID":183188,"PRIMENAME":"Chatsworth Avenue","ELEVTYP_F":0,"ELEVTYP_T":0},"geometry":{"type":"LineString","coordinates":[[-74.24653390179,39.5577978719526],[-74.2446747123361,39.5570132627569]]}},{"type":"Feature","id":183957,"properties":{"OBJECTID":183957,"PRIMENAME":"Unnamed Segment","ELEVTYP_F":0,"ELEVTYP_T":0},"geometry":{"type":"LineString","coordinates":[[-74.2419920050762,39.5616901349065],[-74.2415247934249,39.5623738148981]]}},{"type":"Feature","id":184091,"properties":{"OBJECTID":184091,"PRIMENAME":"North Beach Avenue","ELEVTYP_F":0,"ELEVTYP_T":0},"geometry":{"type":"LineString","coordinates":[[-74.2330936755903,39.5706400922672],[-74.233533342591,39.5700151399056]]}},{"type":"Feature","id":184304,"properties":{"OBJECTID":184304,"PRIMENAME":"10th Street","ELEVTYP_F":0,"ELEVTYP_T":0},"geometry":{"type":"LineString","coordinates":[[-74.2339076580622,39.5694826980505],[-74.2323939636013,39.5688370335265]]}},{"type":"Feature","id":184697,"properties":{"OBJECTID":184697,"PRIMENAME":"East 18th Street","ELEVTYP_F":0,"ELEVTYP_T":0},"geometry":{"type":"LineString","coordinates":[[-74.2305423312475,39.5742676339843],[-74.2321153127871,39.5749291349893]]}},{"type":"Feature","id":184801,"properties":{"OBJECTID":184801,"PRIMENAME":"Dolphin Avenue","ELEVTYP_F":0,"ELEVTYP_T":0},"geometry":{"type":"LineString","coordinates":[[-74.2469753049622,39.5571569731091],[-74.2474455549142,39.5573518062597]]}},{"type":"Feature","id":185331,"properties":{"OBJECTID":185331,"PRIMENAME":"Belvoir Avenue","ELEVTYP_F":0,"ELEVTYP_T":0},"geometry":{"type":"LineString","coordinates":[[-74.2407811212681,39.5562113933953],[-74.2411661827319,39.5563694903691]]}},{"type":"Feature","id":187038,"properties":{"OBJECTID":187038,"PRIMENAME":"North Beach Avenue","ELEVTYP_F":0,"ELEVTYP_T":0},"geometry":{"type":"LineString","coordinates":[[-74.2347408428335,39.5682968690889],[-74.2349504628615,39.5679984925375],[-74.2351980581939,39.5676482552939]]}},{"type":"Feature","id":188509,"properties":{"OBJECTID":188509,"PRIMENAME":"11th Street","ELEVTYP_F":0,"ELEVTYP_T":0},"geometry":{"type":"LineString","coordinates":[[-74.233533342591,39.5700151399056],[-74.2351004885867,39.5706729357932]]}},{"type":"Feature","id":188861,"properties":{"OBJECTID":188861,"PRIMENAME":"West 19th Street","ELEVTYP_F":0,"ELEVTYP_T":0},"geometry":{"type":"LineString","coordinates":[[-74.2336745552213,39.5763794128593],[-74.2332463541807,39.5761965364999]]}},{"type":"Feature","id":189250,"properties":{"OBJECTID":189250,"PRIMENAME":"South West Avenue","ELEVTYP_F":0,"ELEVTYP_T":0},"geometry":{"type":"LineString","coordinates":[[-74.2457469063392,39.5651037979281],[-74.2456408572982,39.565255203436],[-74.245525719985,39.5654179558371],[-74.2454700241656,39.5654864730119],[-74.2454329826818,39.5655178559916],[-74.2453773807737,39.565560648062],[-74.2453181361481,39.5656005487387],[-74.2452403298785,39.5656432641584],[-74.2451034007587,39.5657116030581],[-74.2449580545384,39.5657825040478]]}},{"type":"Feature","id":190555,"properties":{"OBJECTID":190555,"PRIMENAME":"North Delaware Avenue","ELEVTYP_F":0,"ELEVTYP_T":0},"geometry":{"type":"LineString","coordinates":[[-74.2379061609753,39.5696283490893],[-74.2380640117656,39.5693963742826],[-74.2383495634087,39.5689875709532]]}},{"type":"Feature","id":191902,"properties":{"OBJECTID":191902,"PRIMENAME":"Belvoir Avenue","ELEVTYP_F":0,"ELEVTYP_T":0},"geometry":{"type":"LineString","coordinates":[[-74.2461081400744,39.5584173331854],[-74.246565601961,39.5586093954546]]}},{"type":"Feature","id":192051,"properties":{"OBJECTID":192051,"PRIMENAME":"North Beach Avenue","ELEVTYP_F":0,"ELEVTYP_T":0},"geometry":{"type":"LineString","coordinates":[[-74.237896951724,39.5638393754946],[-74.2384583111583,39.5630434359618]]}},{"type":"Feature","id":192791,"properties":{"OBJECTID":192791,"PRIMENAME":"Alexis Place","ELEVTYP_F":0,"ELEVTYP_T":0},"geometry":{"type":"LineString","coordinates":[[-74.255299457583,39.5460475461942],[-74.2552292696196,39.5461403633329],[-74.2551476013233,39.5462603102338],[-74.2551178333435,39.5463145825245],[-74.2550992122646,39.5463660237243],[-74.2549155765643,39.5471035107976]]}},{"type":"Feature","id":193273,"properties":{"OBJECTID":193273,"PRIMENAME":"Berkeley Avenue","ELEVTYP_F":0,"ELEVTYP_T":0},"geometry":{"type":"LineString","coordinates":[[-74.2402924267324,39.55763116433],[-74.2418611792756,39.5582762449208]]}},{"type":"Feature","id":193425,"properties":{"OBJECTID":193425,"PRIMENAME":"Leeward Avenue","ELEVTYP_F":0,"ELEVTYP_T":0},"geometry":{"type":"LineString","coordinates":[[-74.2518549627873,39.5501040302039],[-74.2536113245317,39.5508231550324],[-74.2538954040808,39.5509438756924],[-74.2539544642037,39.5509611605597],[-74.2540245999472,39.5509756133687],[-74.2540947458004,39.550987210689],[-74.2541649220047,39.5509902146046],[-74.2542535857137,39.5509904020997],[-74.2543681554588,39.5509763399153],[-74.2554438752347,39.5507927055984],[-74.2555029958476,39.5507928299761],[-74.2555473074447,39.5507986611382],[-74.2555804785834,39.5508158907283],[-74.2555951672845,39.5508444753939],[-74.2556316656664,39.5509646988721],[-74.2556989844961,39.5511855851588]]}},{"type":"Feature","id":195027,"properties":{"OBJECTID":195027,"PRIMENAME":"2nd Street","ELEVTYP_F":0,"ELEVTYP_T":0},"geometry":{"type":"LineString","coordinates":[[-74.237896951724,39.5638393754946],[-74.2387463037785,39.5641978277085],[-74.2392738736082,39.5644192351079],[-74.2393770756002,39.5644823948069],[-74.2394223437604,39.5645284575149]]}},{"type":"Feature","id":195183,"properties":{"OBJECTID":195183,"PRIMENAME":"Long Beach Boulevard","ELEVTYP_F":0,"ELEVTYP_T":0},"geometry":{"type":"LineString","coordinates":[[-74.2358580492594,39.5695857408137],[-74.2357031835812,39.5698050067551],[-74.2354649399836,39.5701480996585]]}},{"type":"Feature","id":195238,"properties":{"OBJECTID":195238,"PRIMENAME":"Long Beach Boulevard","ELEVTYP_F":0,"ELEVTYP_T":0},"geometry":{"type":"LineString","coordinates":[[-74.2396892408317,39.5641489037395],[-74.2394223437604,39.5645284575149]]}},{"type":"Feature","id":195292,"properties":{"OBJECTID":195292,"PRIMENAME":"South Bay Avenue","ELEVTYP_F":0,"ELEVTYP_T":0},"geometry":{"type":"LineString","coordinates":[[-74.24954621486,39.5499626778908],[-74.2491173302718,39.5505838738249]]}},{"type":"Feature","id":195627,"properties":{"OBJECTID":195627,"PRIMENAME":"Amber Street","ELEVTYP_F":0,"ELEVTYP_T":0},"geometry":{"type":"LineString","coordinates":[[-74.2461516049553,39.5642805993317],[-74.2460872267318,39.5642791408637],[-74.2460189749822,39.5642605681531],[-74.2450543074861,39.5638510132804],[-74.2446798646397,39.5636953685503]]}},{"type":"Feature","id":196837,"properties":{"OBJECTID":196837,"PRIMENAME":"10th Street","ELEVTYP_F":0,"ELEVTYP_T":0},"geometry":{"type":"LineString","coordinates":[[-74.2361092990032,39.5704243136412],[-74.2354649399836,39.5701480996585]]}},{"type":"Feature","id":197917,"properties":{"OBJECTID":197917,"PRIMENAME":"North Atlantic Avenue","ELEVTYP_F":0,"ELEVTYP_T":0},"geometry":{"type":"LineString","coordinates":[[-74.2340845446737,39.5664346424069],[-74.233676336138,39.5670130497162]]}},{"type":"Feature","id":198349,"properties":{"OBJECTID":198349,"PRIMENAME":"South Bay Avenue","ELEVTYP_F":0,"ELEVTYP_T":0},"geometry":{"type":"LineString","coordinates":[[-74.2433723971001,39.5589010800337],[-74.243205969203,39.559142295444],[-74.2429572709115,39.5594933441831]]}},{"type":"Feature","id":198574,"properties":{"OBJECTID":198574,"PRIMENAME":"South West Avenue","ELEVTYP_F":0,"ELEVTYP_T":0},"geometry":{"type":"LineString","coordinates":[[-74.2482785671879,39.5552752952445],[-74.2481584090367,39.5554497353804],[-74.2478445086417,39.555902679219]]}},{"type":"Feature","id":199574,"properties":{"OBJECTID":199574,"PRIMENAME":"Centre Street","ELEVTYP_F":0,"ELEVTYP_T":0},"geometry":{"type":"LineString","coordinates":[[-74.2436114283033,39.5652107685604],[-74.2429962873788,39.5649519302408],[-74.2416155307227,39.5643712279571]]}},{"type":"Feature","id":199635,"properties":{"OBJECTID":199635,"PRIMENAME":"3rd Street","ELEVTYP_F":0,"ELEVTYP_T":0},"geometry":{"type":"LineString","coordinates":[[-74.2348844942553,39.5635977689013],[-74.2358179546164,39.5639694487584]]}},{"type":"Feature","id":200331,"properties":{"OBJECTID":200331,"PRIMENAME":"Essex Avenue","ELEVTYP_F":0,"ELEVTYP_T":0},"geometry":{"type":"LineString","coordinates":[[-74.2474065951606,39.5565345561056],[-74.2455434015332,39.555755196285]]}},{"type":"Feature","id":200664,"properties":{"OBJECTID":200664,"PRIMENAME":"5th Street","ELEVTYP_F":0,"ELEVTYP_T":0},"geometry":{"type":"LineString","coordinates":[[-74.2380340750869,39.5665012689086],[-74.2385372078305,39.5667161722376]]}},{"type":"Feature","id":201230,"properties":{"OBJECTID":201230,"PRIMENAME":"South Bay Avenue","ELEVTYP_F":0,"ELEVTYP_T":0},"geometry":{"type":"LineString","coordinates":[[-74.2508484655625,39.5480784407062],[-74.2504197143628,39.5486984610363]]}},{"type":"Feature","id":201336,"properties":{"OBJECTID":201336,"PRIMENAME":"Coral Street","ELEVTYP_F":0,"ELEVTYP_T":0},"geometry":{"type":"LineString","coordinates":[[-74.2431501768959,39.5621806707295],[-74.245046012774,39.5629777391867],[-74.2451560855408,39.5630252587545]]}},{"type":"Feature","id":201648,"properties":{"OBJECTID":201648,"PRIMENAME":"11th Street","ELEVTYP_F":0,"ELEVTYP_T":0},"geometry":{"type":"LineString","coordinates":[[-74.2320151288181,39.5693712995187],[-74.233533342591,39.5700151399056]]}},{"type":"Feature","id":203452,"properties":{"OBJECTID":203452,"PRIMENAME":"Atlantic Avenue","ELEVTYP_F":0,"ELEVTYP_T":0},"geometry":{"type":"LineString","coordinates":[[-74.2311353115571,39.5706197091405],[-74.2309542623969,39.5708809698094],[-74.2307198849785,39.5712171438907]]}},{"type":"Feature","id":203584,"properties":{"OBJECTID":203584,"PRIMENAME":"East 23rd Street","ELEVTYP_F":0,"ELEVTYP_T":0},"geometry":{"type":"LineString","coordinates":[[-74.2299802801032,39.5779562862488],[-74.2284148704416,39.5772968335019]]}},{"type":"Feature","id":203716,"properties":{"OBJECTID":203716,"PRIMENAME":"North Delaware Avenue","ELEVTYP_F":0,"ELEVTYP_T":0},"geometry":{"type":"LineString","coordinates":[[-74.2374695702388,39.5702387189593],[-74.237495474856,39.5702273556443],[-74.2375140437035,39.5702044998783],[-74.2379061609753,39.5696283490893]]}},{"type":"Feature","id":203759,"properties":{"OBJECTID":203759,"PRIMENAME":"Berkeley Avenue","ELEVTYP_F":0,"ELEVTYP_T":0},"geometry":{"type":"LineString","coordinates":[[-74.2433723971001,39.5589010800337],[-74.2436120200943,39.55900044935],[-74.2447888928557,39.5594892258482],[-74.2452426426652,39.5596789791524]]}},{"type":"Feature","id":204112,"properties":{"OBJECTID":204112,"PRIMENAME":"West 18th Street","ELEVTYP_F":0,"ELEVTYP_T":0},"geometry":{"type":"LineString","coordinates":[[-74.2321153127871,39.5749291349893],[-74.2330377339057,39.5753100909308],[-74.2336747758258,39.5755896234545]]}},{"type":"Feature","id":204269,"properties":{"OBJECTID":204269,"PRIMENAME":"North Pennsylvania Avenue","ELEVTYP_F":0,"ELEVTYP_T":0},"geometry":{"type":"LineString","coordinates":[[-74.2425372146128,39.5667409443522],[-74.2429921414091,39.5660848262287]]}},{"type":"Feature","id":205141,"properties":{"OBJECTID":205141,"PRIMENAME":"South Beach Avenue","ELEVTYP_F":0,"ELEVTYP_T":0},"geometry":{"type":"LineString","coordinates":[[-74.2458765081574,39.5524823190367],[-74.2462685242947,39.551916405848],[-74.2463034313294,39.5518654700736]]}},{"type":"Feature","id":205329,"properties":{"OBJECTID":205329,"PRIMENAME":"Pearl Street","ELEVTYP_F":0,"ELEVTYP_T":0},"geometry":{"type":"LineString","coordinates":[[-74.2433951077361,39.5618339794954],[-74.2444456925219,39.5622801429806]]}},{"type":"Feature","id":205531,"properties":{"OBJECTID":205531,"PRIMENAME":"East 18th Street","ELEVTYP_F":0,"ELEVTYP_T":0},"geometry":{"type":"LineString","coordinates":[[-74.2290172208233,39.5736287363393],[-74.2305423312475,39.5742676339843]]}},{"type":"Feature","id":207100,"properties":{"OBJECTID":207100,"PRIMENAME":"Fairview Avenue","ELEVTYP_F":0,"ELEVTYP_T":0},"geometry":{"type":"LineString","coordinates":[[-74.2444819650004,39.5545021206839],[-74.2459771629024,39.555127298709]]}},{"type":"Feature","id":208137,"properties":{"OBJECTID":208137,"PRIMENAME":"Long Beach Boulevard","ELEVTYP_F":0,"ELEVTYP_T":0},"geometry":{"type":"LineString","coordinates":[[-74.2312629153714,39.5761335416352],[-74.2308360335762,39.5767395980406]]}},{"type":"Feature","id":209147,"properties":{"OBJECTID":209147,"PRIMENAME":"Long Beach Boulevard","ELEVTYP_F":0,"ELEVTYP_T":0},"geometry":{"type":"LineString","coordinates":[[-74.2371622100212,39.5677393370946],[-74.2367569451957,39.5683131498006]]}},{"type":"Feature","id":209895,"properties":{"OBJECTID":209895,"PRIMENAME":"Long Beach Boulevard","ELEVTYP_F":0,"ELEVTYP_T":0},"geometry":{"type":"LineString","coordinates":[[-74.2299802801032,39.5779562862488],[-74.229624690956,39.5784618520497],[-74.2295559770371,39.5785597639129]]}},{"type":"Feature","id":210465,"properties":{"OBJECTID":210465,"PRIMENAME":"Leeward Avenue","ELEVTYP_F":0,"ELEVTYP_T":0},"geometry":{"type":"LineString","coordinates":[[-74.2556989844961,39.5511855851588],[-74.2557668303144,39.5514082839713],[-74.2558616086136,39.5517688403864],[-74.2559016722605,39.5519348127747],[-74.2559160745356,39.5520349465167],[-74.2559231470576,39.5521321823729],[-74.2559191878604,39.5522094067907],[-74.2558967308703,39.5522923032945],[-74.255874313949,39.5523637518858],[-74.2558519271086,39.5524266053088],[-74.2557699656037,39.552618074588]]}},{"type":"Feature","id":213273,"properties":{"OBJECTID":213273,"PRIMENAME":"Merivale Avenue","ELEVTYP_F":0,"ELEVTYP_T":0},"geometry":{"type":"LineString","coordinates":[[-74.2504197143628,39.5486984610363],[-74.2496433498814,39.5483759087704],[-74.2495307033793,39.5483291075293]]}},{"type":"Feature","id":213287,"properties":{"OBJECTID":213287,"PRIMENAME":"12th Street","ELEVTYP_F":0,"ELEVTYP_T":0},"geometry":{"type":"LineString","coordinates":[[-74.2315716872611,39.5699974192943],[-74.230660606794,39.5696211176292]]}},{"type":"Feature","id":213426,"properties":{"OBJECTID":213426,"PRIMENAME":"Long Beach Boulevard","ELEVTYP_F":0,"ELEVTYP_T":0},"geometry":{"type":"LineString","coordinates":[[-74.2367569451957,39.5683131498006],[-74.2363045589493,39.5689536268032]]}},{"type":"Feature","id":213693,"properties":{"OBJECTID":213693,"PRIMENAME":"South Beach Avenue","ELEVTYP_F":0,"ELEVTYP_T":0},"geometry":{"type":"LineString","coordinates":[[-74.24534482385,39.5532499171799],[-74.2458765081574,39.5524823190367]]}},{"type":"Feature","id":214815,"properties":{"OBJECTID":214815,"PRIMENAME":"Iroquois Avenue","ELEVTYP_F":0,"ELEVTYP_T":0},"geometry":{"type":"LineString","coordinates":[[-74.2505737660896,39.5544271221707],[-74.2492413036916,39.5538784503068]]}},{"type":"Feature","id":215810,"properties":{"OBJECTID":215810,"PRIMENAME":"South Atlantic Avenue","ELEVTYP_F":0,"ELEVTYP_T":0},"geometry":{"type":"LineString","coordinates":[[-74.2384797685186,39.5601922344283],[-74.2383789179378,39.5603358480022],[-74.2379990391706,39.5608702968734]]}},{"type":"Feature","id":215873,"properties":{"OBJECTID":215873,"PRIMENAME":"North Atlantic Avenue","ELEVTYP_F":0,"ELEVTYP_T":0},"geometry":{"type":"LineString","coordinates":[[-74.2323939636013,39.5688370335265],[-74.2323009426874,39.5689676731353],[-74.2320151288181,39.5693712995187]]}},{"type":"Feature","id":216246,"properties":{"OBJECTID":216246,"PRIMENAME":"West 14th Street","ELEVTYP_F":0,"ELEVTYP_T":0},"geometry":{"type":"LineString","coordinates":[[-74.2353777668224,39.5731646210245],[-74.2357993045281,39.5733519765357]]}},{"type":"Feature","id":217139,"properties":{"OBJECTID":217139,"PRIMENAME":"2nd Street","ELEVTYP_F":0,"ELEVTYP_T":0},"geometry":{"type":"LineString","coordinates":[[-74.2363635948615,39.5631911370703],[-74.2366361156727,39.5633064931232],[-74.237896951724,39.5638393754946]]}},{"type":"Feature","id":218598,"properties":{"OBJECTID":218598,"PRIMENAME":"Centre Street","ELEVTYP_F":0,"ELEVTYP_T":0},"geometry":{"type":"LineString","coordinates":[[-74.2369209213482,39.5623958001603],[-74.2361439058442,39.5620684431497],[-74.2360199969779,39.5620162410189]]}},{"type":"Feature","id":218941,"properties":{"OBJECTID":218941,"PRIMENAME":"Holyoke Avenue","ELEVTYP_F":0,"ELEVTYP_T":0},"geometry":{"type":"LineString","coordinates":[[-74.2489819947277,39.5542543634949],[-74.2502611752064,39.5547856703283]]}},{"type":"Feature","id":219049,"properties":{"OBJECTID":219049,"PRIMENAME":"North Beach Avenue","ELEVTYP_F":0,"ELEVTYP_T":0},"geometry":{"type":"LineString","coordinates":[[-74.2342947021128,39.5689318613779],[-74.2347408428335,39.5682968690889]]}},{"type":"Feature","id":221239,"properties":{"OBJECTID":221239,"PRIMENAME":"South Bay Avenue","ELEVTYP_F":0,"ELEVTYP_T":0},"geometry":{"type":"LineString","coordinates":[[-74.2420174573353,39.5608232487675],[-74.2415483194619,39.5615017362128]]}},{"type":"Feature","id":222791,"properties":{"OBJECTID":222791,"PRIMENAME":"Cove Lane","ELEVTYP_F":0,"ELEVTYP_T":0},"geometry":{"type":"LineString","coordinates":[[-74.2415379709324,39.5663251603751],[-74.2412476329028,39.5667358815551],[-74.241190060023,39.5668173258181]]}},{"type":"Feature","id":223305,"properties":{"OBJECTID":223305,"PRIMENAME":"2nd Street","ELEVTYP_F":0,"ELEVTYP_T":0},"geometry":{"type":"LineString","coordinates":[[-74.2429921414091,39.5660848262287],[-74.2432543074334,39.5661955579789],[-74.2443426644579,39.5666612722344],[-74.2445714057946,39.5667561674996],[-74.2446174792355,39.5667737717283],[-74.2449477889255,39.5668999832793],[-74.2450069067512,39.5669144452486],[-74.2450659596579,39.5669174023359],[-74.2451214882983,39.56689465433],[-74.2451844701149,39.5668518785742],[-74.245189409887,39.566843809445],[-74.2452141965446,39.5668033198645],[-74.2452143534948,39.566760434268],[-74.2452034541562,39.5667146419492],[-74.2451776589804,39.5666774103714],[-74.2451297849378,39.5666343924279],[-74.245000724682,39.566568352682],[-74.2448121470563,39.5664773207064]]}},{"type":"Feature","id":224238,"properties":{"OBJECTID":224238,"PRIMENAME":"Station Plaza","ELEVTYP_F":0,"ELEVTYP_T":0},"geometry":{"type":"LineString","coordinates":[[-74.2380654475396,39.5673648764273],[-74.2376458911109,39.5679401697687]]}},{"type":"Feature","id":224418,"properties":{"OBJECTID":224418,"PRIMENAME":"East 19th Street","ELEVTYP_F":0,"ELEVTYP_T":0},"geometry":{"type":"LineString","coordinates":[[-74.2301184049869,39.5748722941025],[-74.2299622367343,39.5748069719773],[-74.2285965912653,39.5742321087403]]}},{"type":"Feature","id":224747,"properties":{"OBJECTID":224747,"PRIMENAME":"Bay Terrace","ELEVTYP_F":0,"ELEVTYP_T":0},"geometry":{"type":"LineString","coordinates":[[-74.2338353444906,39.5764353238756],[-74.2336745552213,39.5763794128593]]}},{"type":"Feature","id":224789,"properties":{"OBJECTID":224789,"PRIMENAME":"Atlantic Avenue","ELEVTYP_F":0,"ELEVTYP_T":0},"geometry":{"type":"LineString","coordinates":[[-74.231351121974,39.5703088633979],[-74.2313317714695,39.5703361896189],[-74.2311353115571,39.5706197091405]]}},{"type":"Feature","id":224896,"properties":{"OBJECTID":224896,"PRIMENAME":"Osborn Avenue","ELEVTYP_F":0,"ELEVTYP_T":0},"geometry":{"type":"LineString","coordinates":[[-74.2558605425248,39.5483695923459],[-74.2536676995973,39.5474675178859]]}},{"type":"Feature","id":224968,"properties":{"OBJECTID":224968,"PRIMENAME":"12th Street","ELEVTYP_F":0,"ELEVTYP_T":0},"geometry":{"type":"LineString","coordinates":[[-74.2361238164883,39.571910276011],[-74.2357914853437,39.5717715420366]]}},{"type":"Feature","id":225222,"properties":{"OBJECTID":225222,"PRIMENAME":"Nelson Avenue","ELEVTYP_F":0,"ELEVTYP_T":0},"geometry":{"type":"LineString","coordinates":[[-74.2527307018949,39.5488570975072],[-74.2529917300782,39.5489650875004],[-74.2541242249905,39.5494279496531],[-74.2542496691966,39.5494768389828],[-74.2543234717927,39.5494970103035],[-74.2544083846813,39.5495143495847],[-74.2545080916638,39.549520271154],[-74.2545590395748,39.5495164351399],[-74.2547298078472,39.5495035793915]]}},{"type":"Feature","id":225504,"properties":{"OBJECTID":225504,"PRIMENAME":"Long Beach Boulevard","ELEVTYP_F":0,"ELEVTYP_T":0},"geometry":{"type":"LineString","coordinates":[[-74.2329588991626,39.5737294252255],[-74.232537343777,39.5743331664957]]}},{"type":"Feature","id":225784,"properties":{"OBJECTID":225784,"PRIMENAME":"North Atlantic Avenue","ELEVTYP_F":0,"ELEVTYP_T":0},"geometry":{"type":"LineString","coordinates":[[-74.2349521615261,39.5652042475836],[-74.234845945656,39.5653556707571],[-74.2344955641576,39.5658522306669]]}},{"type":"Feature","id":226081,"properties":{"OBJECTID":226081,"PRIMENAME":"Anderson Place","ELEVTYP_F":0,"ELEVTYP_T":0},"geometry":{"type":"LineString","coordinates":[[-74.2311664642633,39.5772500218022],[-74.2320941757384,39.5776273456091]]}},{"type":"Feature","id":226199,"properties":{"OBJECTID":226199,"PRIMENAME":"Coral Street","ELEVTYP_F":0,"ELEVTYP_T":0},"geometry":{"type":"LineString","coordinates":[[-74.2377563153861,39.5598899096783],[-74.2384797685186,39.5601922344283]]}},{"type":"Feature","id":226520,"properties":{"OBJECTID":226520,"PRIMENAME":"South Bay Avenue","ELEVTYP_F":0,"ELEVTYP_T":0},"geometry":{"type":"LineString","coordinates":[[-74.2504197143628,39.5486984610363],[-74.2499893519241,39.5493208101626]]}},{"type":"Feature","id":228970,"properties":{"OBJECTID":228970,"PRIMENAME":"North Pennsylvania Avenue","ELEVTYP_F":0,"ELEVTYP_T":0},"geometry":{"type":"LineString","coordinates":[[-74.2419362600596,39.5675811558689],[-74.2425372146128,39.5667409443522]]}},{"type":"Feature","id":229245,"properties":{"OBJECTID":229245,"PRIMENAME":"Long Beach Boulevard","ELEVTYP_F":0,"ELEVTYP_T":0},"geometry":{"type":"LineString","coordinates":[[-74.2354649399836,39.5701480996585],[-74.2351004885867,39.5706729357932]]}},{"type":"Feature","id":230482,"properties":{"OBJECTID":230482,"PRIMENAME":"East 14th Street","ELEVTYP_F":0,"ELEVTYP_T":0},"geometry":{"type":"LineString","coordinates":[[-74.2297123282778,39.5707875943574],[-74.2307198849785,39.5712171438907]]}},{"type":"Feature","id":230615,"properties":{"OBJECTID":230615,"PRIMENAME":"Taylor Avenue","ELEVTYP_F":0,"ELEVTYP_T":0},"geometry":{"type":"LineString","coordinates":[[-74.2390971544506,39.5701280569532],[-74.2395136134353,39.5703027876342]]}},{"type":"Feature","id":230901,"properties":{"OBJECTID":230901,"PRIMENAME":"West 20th Street","ELEVTYP_F":0,"ELEVTYP_T":0},"geometry":{"type":"LineString","coordinates":[[-74.2312629153714,39.5761335416352],[-74.2315979989018,39.5762745323488],[-74.2327159554682,39.5767489885888],[-74.2328233925988,39.5767933843876]]}},{"type":"Feature","id":232672,"properties":{"OBJECTID":232672,"PRIMENAME":"East 15th Street","ELEVTYP_F":0,"ELEVTYP_T":0},"geometry":{"type":"LineString","coordinates":[[-74.2333850501017,39.5731191307543],[-74.2323468152004,39.5726851956386],[-74.2318127599063,39.5724605578592]]}},{"type":"Feature","id":235373,"properties":{"OBJECTID":235373,"PRIMENAME":"Taylor Avenue","ELEVTYP_F":0,"ELEVTYP_T":0},"geometry":{"type":"LineString","coordinates":[[-74.2347408428335,39.5682968690889],[-74.2350804897861,39.5684423903339],[-74.2363045589493,39.5689536268032]]}},{"type":"Feature","id":237005,"properties":{"OBJECTID":237005,"PRIMENAME":"Nelson Avenue","ELEVTYP_F":0,"ELEVTYP_T":0},"geometry":{"type":"LineString","coordinates":[[-74.2508484655625,39.5480784407062],[-74.2527307018949,39.5488570975072]]}},{"type":"Feature","id":237084,"properties":{"OBJECTID":237084,"PRIMENAME":"North Delaware Avenue","ELEVTYP_F":0,"ELEVTYP_T":0},"geometry":{"type":"LineString","coordinates":[[-74.2405231206884,39.5659215519722],[-74.240887299249,39.565404466918],[-74.2410034217991,39.5652466359529]]}},{"type":"Feature","id":237371,"properties":{"OBJECTID":237371,"PRIMENAME":"Belvoir Avenue","ELEVTYP_F":0,"ELEVTYP_T":0},"geometry":{"type":"LineString","coordinates":[[-74.2411661827319,39.5563694903691],[-74.2427455423999,39.5570178498828]]}},{"type":"Feature","id":237998,"properties":{"OBJECTID":237998,"PRIMENAME":"8th Street","ELEVTYP_F":0,"ELEVTYP_T":0},"geometry":{"type":"LineString","coordinates":[[-74.2351980581939,39.5676482552939],[-74.2341915262387,39.5672354677906],[-74.233676336138,39.5670130497162]]}},{"type":"Feature","id":238026,"properties":{"OBJECTID":238026,"PRIMENAME":"Grosser Street","ELEVTYP_F":0,"ELEVTYP_T":0},"geometry":{"type":"LineString","coordinates":[[-74.2532059710292,39.5481247907585],[-74.2530913424864,39.5482870307108]]}},{"type":"Feature","id":238163,"properties":{"OBJECTID":238163,"PRIMENAME":"Waverly Avenue","ELEVTYP_F":0,"ELEVTYP_T":0},"geometry":{"type":"LineString","coordinates":[[-74.2320941757384,39.5776273456091],[-74.2322440556846,39.5774114232949],[-74.232277409735,39.5773828915552],[-74.2323221933911,39.5773621832337]]}},{"type":"Feature","id":238750,"properties":{"OBJECTID":238750,"PRIMENAME":"Long Beach Boulevard","ELEVTYP_F":0,"ELEVTYP_T":0},"geometry":{"type":"LineString","coordinates":[[-74.2351004885867,39.5706729357932],[-74.2346643671801,39.5713010061896]]}},{"type":"Feature","id":241080,"properties":{"OBJECTID":241080,"PRIMENAME":"12th Street","ELEVTYP_F":0,"ELEVTYP_T":0},"geometry":{"type":"LineString","coordinates":[[-74.2357914853437,39.5717715420366],[-74.2346643671801,39.5713010061896]]}},{"type":"Feature","id":242496,"properties":{"OBJECTID":242496,"PRIMENAME":"West 19th Street","ELEVTYP_F":0,"ELEVTYP_T":0},"geometry":{"type":"LineString","coordinates":[[-74.2332463541807,39.5761965364999],[-74.2325605071512,39.5759036290484],[-74.2316858264796,39.575533788851]]}},{"type":"Feature","id":243008,"properties":{"OBJECTID":243008,"PRIMENAME":"4th Street","ELEVTYP_F":0,"ELEVTYP_T":0},"geometry":{"type":"LineString","coordinates":[[-74.2385102970282,39.5658245426348],[-74.2371735696317,39.5652566255154],[-74.2369640841819,39.5651673873121]]}},{"type":"Feature","id":243365,"properties":{"OBJECTID":243365,"PRIMENAME":"Norwood Avenue","ELEVTYP_F":0,"ELEVTYP_T":0},"geometry":{"type":"LineString","coordinates":[[-74.2423039147869,39.5576518952408],[-74.2412945748566,39.5572392993449],[-74.2407264486153,39.5570063624507]]}},{"type":"Feature","id":243587,"properties":{"OBJECTID":243587,"PRIMENAME":"Amber Street","ELEVTYP_F":0,"ELEVTYP_T":0},"geometry":{"type":"LineString","coordinates":[[-74.2379990391706,39.5608702968734],[-74.2372541203604,39.560549551996]]}},{"type":"Feature","id":246571,"properties":{"OBJECTID":246571,"PRIMENAME":"South Delaware Avenue","ELEVTYP_F":0,"ELEVTYP_T":0},"geometry":{"type":"LineString","coordinates":[[-74.2431501768959,39.5621806707295],[-74.2432720961429,39.5620064038301],[-74.2433951077361,39.5618339794954]]}},{"type":"Feature","id":247136,"properties":{"OBJECTID":247136,"PRIMENAME":"Waverly Avenue","ELEVTYP_F":0,"ELEVTYP_T":0},"geometry":{"type":"LineString","coordinates":[[-74.2328233925988,39.5767933843876],[-74.2332463541807,39.5761965364999]]}},{"type":"Feature","id":248590,"properties":{"OBJECTID":248590,"PRIMENAME":"Stratford Avenue","ELEVTYP_F":0,"ELEVTYP_T":0},"geometry":{"type":"LineString","coordinates":[[-74.2486796674116,39.5512178437775],[-74.2489472855971,39.5513279702875],[-74.2505482686301,39.5519880495717]]}},{"type":"Feature","id":250328,"properties":{"OBJECTID":250328,"PRIMENAME":"South Bay Avenue","ELEVTYP_F":0,"ELEVTYP_T":0},"geometry":{"type":"LineString","coordinates":[[-74.2518811624228,39.546721285978],[-74.2516738085706,39.5469792019184],[-74.2516324116217,39.5470247127064],[-74.2515886107022,39.5470728639296],[-74.2514059132074,39.5472978032029],[-74.25133949192,39.5473792527866],[-74.2512760084219,39.5474570982954],[-74.2511942624556,39.5475772313803]]}},{"type":"Feature","id":251266,"properties":{"OBJECTID":251266,"PRIMENAME":"East 19th Street","ELEVTYP_F":0,"ELEVTYP_T":0},"geometry":{"type":"LineString","coordinates":[[-74.2316858264796,39.575533788851],[-74.2314734095576,39.5754439576185],[-74.2304865320491,39.5750262962929],[-74.2301184049869,39.5748722941025]]}},{"type":"Feature","id":252584,"properties":{"OBJECTID":252584,"PRIMENAME":"Waverly Avenue","ELEVTYP_F":0,"ELEVTYP_T":0},"geometry":{"type":"LineString","coordinates":[[-74.2340997711971,39.5749858040868],[-74.2345224406075,39.5743853259598]]}},{"type":"Feature","id":253607,"properties":{"OBJECTID":253607,"PRIMENAME":"Iroquois Avenue","ELEVTYP_F":0,"ELEVTYP_T":0},"geometry":{"type":"LineString","coordinates":[[-74.2508642368988,39.554546726207],[-74.2505737660896,39.5544271221707]]}},{"type":"Feature","id":255140,"properties":{"OBJECTID":255140,"PRIMENAME":"5th Street","ELEVTYP_F":0,"ELEVTYP_T":0},"geometry":{"type":"LineString","coordinates":[[-74.2396334182515,39.5671812618056],[-74.2411587607506,39.5678193601392],[-74.2412780636558,39.5678692675379]]}},{"type":"Feature","id":255795,"properties":{"OBJECTID":255795,"PRIMENAME":"East 20th Street","ELEVTYP_F":0,"ELEVTYP_T":0},"geometry":{"type":"LineString","coordinates":[[-74.2296956498548,39.5754753087118],[-74.2300261987112,39.5756131082812],[-74.2312629153714,39.5761335416352]]}},{"type":"Feature","id":256095,"properties":{"OBJECTID":256095,"PRIMENAME":"East 13th Street","ELEVTYP_F":0,"ELEVTYP_T":0},"geometry":{"type":"LineString","coordinates":[[-74.2342289343198,39.5719228701082],[-74.2326572460953,39.5712603843226]]}},{"type":"Feature","id":256209,"properties":{"OBJECTID":256209,"PRIMENAME":"North Beach Avenue","ELEVTYP_F":0,"ELEVTYP_T":0},"geometry":{"type":"LineString","coordinates":[[-74.2339076580622,39.5694826980505],[-74.2342947021128,39.5689318613779]]}},{"type":"Feature","id":257397,"properties":{"OBJECTID":257397,"PRIMENAME":"East 13th Street","ELEVTYP_F":0,"ELEVTYP_T":0},"geometry":{"type":"LineString","coordinates":[[-74.2311353115571,39.5706197091405],[-74.2302023123816,39.570222459726]]}},{"type":"Feature","id":257617,"properties":{"OBJECTID":257617,"PRIMENAME":"South Bay Avenue","ELEVTYP_F":0,"ELEVTYP_T":0},"geometry":{"type":"LineString","coordinates":[[-74.2442371088658,39.5576476269809],[-74.2438095881359,39.5582673497545]]}},{"type":"Feature","id":258836,"properties":{"OBJECTID":258836,"PRIMENAME":"Liberty Avenue","ELEVTYP_F":0,"ELEVTYP_T":0},"geometry":{"type":"LineString","coordinates":[[-74.2496781905142,39.553246426154],[-74.2507256232472,39.5536745237027],[-74.2515828628408,39.5540248754601]]}},{"type":"Feature","id":259493,"properties":{"OBJECTID":259493,"PRIMENAME":"Atlantic Avenue","ELEVTYP_F":0,"ELEVTYP_T":0},"geometry":{"type":"LineString","coordinates":[[-74.2302919031971,39.5718208353582],[-74.2301070694517,39.5720773360772],[-74.2298679019851,39.5724208277431]]}},{"type":"Feature","id":259749,"properties":{"OBJECTID":259749,"PRIMENAME":"Chatsworth Avenue","ELEVTYP_F":0,"ELEVTYP_T":0},"geometry":{"type":"LineString","coordinates":[[-74.2446747123361,39.5570132627569],[-74.244495268843,39.5569375030739],[-74.2431797080076,39.5563953450576]]}},{"type":"Feature","id":259959,"properties":{"OBJECTID":259959,"PRIMENAME":"Engleside Avenue","ELEVTYP_F":0,"ELEVTYP_T":0},"geometry":{"type":"LineString","coordinates":[[-74.2405518559612,39.5629222989019],[-74.2421584638697,39.5635983201184]]}},{"type":"Feature","id":260334,"properties":{"OBJECTID":260334,"PRIMENAME":"Jeffries Avenue","ELEVTYP_F":0,"ELEVTYP_T":0},"geometry":{"type":"LineString","coordinates":[[-74.2491173302718,39.5505838738249],[-74.2479837434841,39.5501132733822]]}},{"type":"Feature","id":260861,"properties":{"OBJECTID":260861,"PRIMENAME":"South Atlantic Avenue","ELEVTYP_F":0,"ELEVTYP_T":0},"geometry":{"type":"LineString","coordinates":[[-74.2374644244495,39.5616224757375],[-74.2373499543521,39.5617835191665],[-74.2369209213482,39.5623958001603]]}},{"type":"Feature","id":261605,"properties":{"OBJECTID":261605,"PRIMENAME":"Waverly Avenue","ELEVTYP_F":0,"ELEVTYP_T":0},"geometry":{"type":"LineString","coordinates":[[-74.2349494914374,39.573778569712],[-74.2351416107357,39.5735056316115],[-74.2353777668224,39.5731646210245]]}},{"type":"Feature","id":262175,"properties":{"OBJECTID":262175,"PRIMENAME":"2nd Street","ELEVTYP_F":0,"ELEVTYP_T":0},"geometry":{"type":"LineString","coordinates":[[-74.2394223437604,39.5645284575149],[-74.2394765283768,39.5645712721768],[-74.2395317855633,39.5646114265227],[-74.2396092502014,39.5646516585239],[-74.2401293916327,39.564878728382],[-74.2410034217991,39.5652466359529]]}},{"type":"Feature","id":265308,"properties":{"OBJECTID":265308,"PRIMENAME":"South Bay Avenue","ELEVTYP_F":0,"ELEVTYP_T":0},"geometry":{"type":"LineString","coordinates":[[-74.2486796674116,39.5512178437775],[-74.2483790807333,39.5516532178929],[-74.2482454204506,39.5518464922009]]}},{"type":"Feature","id":265599,"properties":{"OBJECTID":265599,"PRIMENAME":"Station Plaza","ELEVTYP_F":0,"ELEVTYP_T":0},"geometry":{"type":"LineString","coordinates":[[-74.2390131874071,39.5660367518608],[-74.2394070608565,39.5654746020631]]}},{"type":"Feature","id":265673,"properties":{"OBJECTID":265673,"PRIMENAME":"Long Beach Boulevard","ELEVTYP_F":0,"ELEVTYP_T":0},"geometry":{"type":"LineString","coordinates":[[-74.2321153127871,39.5749291349893],[-74.232066193072,39.5749983750788],[-74.2316858264796,39.575533788851]]}},{"type":"Feature","id":265688,"properties":{"OBJECTID":265688,"PRIMENAME":"South Atlantic Avenue","ELEVTYP_F":0,"ELEVTYP_T":0},"geometry":{"type":"LineString","coordinates":[[-74.2402924267324,39.55763116433],[-74.2398773656189,39.5582010415286]]}},{"type":"Feature","id":266378,"properties":{"OBJECTID":266378,"PRIMENAME":"Iroquois Avenue","ELEVTYP_F":0,"ELEVTYP_T":0},"geometry":{"type":"LineString","coordinates":[[-74.2473755531395,39.5531041106519],[-74.2458765081574,39.5524823190367]]}},{"type":"Feature","id":266553,"properties":{"OBJECTID":266553,"PRIMENAME":"South Beach Avenue","ELEVTYP_F":0,"ELEVTYP_T":0},"geometry":{"type":"LineString","coordinates":[[-74.2423039147869,39.5576518952408],[-74.2426099769761,39.5572107556791],[-74.2427455423999,39.5570178498828]]}},{"type":"Feature","id":266594,"properties":{"OBJECTID":266594,"PRIMENAME":"Waverly Avenue","ELEVTYP_F":0,"ELEVTYP_T":0},"geometry":{"type":"LineString","coordinates":[[-74.2320061965424,39.5777540708205],[-74.2320941757384,39.5776273456091]]}},{"type":"Feature","id":271240,"properties":{"OBJECTID":271240,"PRIMENAME":"13th Street","ELEVTYP_F":0,"ELEVTYP_T":0},"geometry":{"type":"LineString","coordinates":[[-74.2357585019586,39.5726147265965],[-74.235765953769,39.57258613493],[-74.2357549475905,39.5725603837746],[-74.2357180922598,39.5725402847502],[-74.2356811731882,39.5725225708211],[-74.2356701440631,39.5725172780043],[-74.2342289343198,39.5719228701082]]}},{"type":"Feature","id":271629,"properties":{"OBJECTID":271629,"PRIMENAME":"20th Street","ELEVTYP_F":0,"ELEVTYP_T":0},"geometry":{"type":"LineString","coordinates":[[-74.2336745552213,39.5763794128593],[-74.2332620851642,39.5769704655685],[-74.2332597302566,39.5769738371656]]}},{"type":"Feature","id":272276,"properties":{"OBJECTID":272276,"PRIMENAME":"7th Street","ELEVTYP_F":0,"ELEVTYP_T":0},"geometry":{"type":"LineString","coordinates":[[-74.2376458911109,39.5679401697687],[-74.2387622707702,39.5684036654807]]}},{"type":"Feature","id":275533,"properties":{"OBJECTID":275533,"PRIMENAME":"South West Avenue","ELEVTYP_F":0,"ELEVTYP_T":0},"geometry":{"type":"LineString","coordinates":[[-74.252294797484,39.5494777688352],[-74.2518549627873,39.5501040302039]]}},{"type":"Feature","id":275576,"properties":{"OBJECTID":275576,"PRIMENAME":"Marshall Avenue","ELEVTYP_F":0,"ELEVTYP_T":0},"geometry":{"type":"LineString","coordinates":[[-74.2536676995973,39.5474675178859],[-74.2527582610937,39.5470874930792],[-74.2526176941883,39.5470288036937],[-74.2518811624228,39.546721285978]]}},{"type":"Feature","id":275753,"properties":{"OBJECTID":275753,"PRIMENAME":"Long Beach Boulevard","ELEVTYP_F":0,"ELEVTYP_T":0},"geometry":{"type":"LineString","coordinates":[[-74.232537343777,39.5743331664957],[-74.2324935005163,39.5743959117221],[-74.2321153127871,39.5749291349893]]}},{"type":"Feature","id":276787,"properties":{"OBJECTID":276787,"PRIMENAME":"Centre Street","ELEVTYP_F":0,"ELEVTYP_T":0},"geometry":{"type":"LineString","coordinates":[[-74.2449580545384,39.5657825040478],[-74.2447869621489,39.5657082567188],[-74.2445679377509,39.5656132066686],[-74.2436114283033,39.5652107685604]]}},{"type":"Feature","id":278369,"properties":{"OBJECTID":278369,"PRIMENAME":"10th Street","ELEVTYP_F":0,"ELEVTYP_T":0},"geometry":{"type":"LineString","coordinates":[[-74.2354649399836,39.5701480996585],[-74.2339076580622,39.5694826980505]]}},{"type":"Feature","id":279310,"properties":{"OBJECTID":279310,"PRIMENAME":"5th Street","ELEVTYP_F":0,"ELEVTYP_T":0},"geometry":{"type":"LineString","coordinates":[[-74.2385372078305,39.5667161722376],[-74.2392835885623,39.5670349067791],[-74.2396334182515,39.5671812618056]]}},{"type":"Feature","id":279620,"properties":{"OBJECTID":279620,"PRIMENAME":"Engleside Avenue","ELEVTYP_F":0,"ELEVTYP_T":0},"geometry":{"type":"LineString","coordinates":[[-74.2390031758316,39.562272826024],[-74.2405518559612,39.5629222989019]]}},{"type":"Feature","id":280896,"properties":{"OBJECTID":280896,"PRIMENAME":"2nd Street","ELEVTYP_F":0,"ELEVTYP_T":0},"geometry":{"type":"LineString","coordinates":[[-74.2410034217991,39.5652466359529],[-74.241844951034,39.5656004360621],[-74.2429921414091,39.5660848262287]]}},{"type":"Feature","id":281673,"properties":{"OBJECTID":281673,"PRIMENAME":"8th Street","ELEVTYP_F":0,"ELEVTYP_T":0},"geometry":{"type":"LineString","coordinates":[[-74.233676336138,39.5670130497162],[-74.232795911597,39.5666328822701]]}},{"type":"Feature","id":282845,"properties":{"OBJECTID":282845,"PRIMENAME":"West 15th Street","ELEVTYP_F":0,"ELEVTYP_T":0},"geometry":{"type":"LineString","coordinates":[[-74.2349494914374,39.573778569712],[-74.234368726943,39.5735363756453],[-74.2333850501017,39.5731191307543]]}},{"type":"Feature","id":285895,"properties":{"OBJECTID":285895,"PRIMENAME":"Centre Street","ELEVTYP_F":0,"ELEVTYP_T":0},"geometry":{"type":"LineString","coordinates":[[-74.2416155307227,39.5643712279571],[-74.2401592182991,39.563758738401],[-74.2400082723783,39.5636952528042]]}},{"type":"Feature","id":285917,"properties":{"OBJECTID":285917,"PRIMENAME":"Holyoke Avenue","ELEVTYP_F":0,"ELEVTYP_T":0},"geometry":{"type":"LineString","coordinates":[[-74.2468506517148,39.5538630540631],[-74.2487145177276,39.5546425324169]]}},{"type":"Feature","id":287672,"properties":{"OBJECTID":287672,"PRIMENAME":"South Bay Avenue","ELEVTYP_F":0,"ELEVTYP_T":0},"geometry":{"type":"LineString","coordinates":[[-74.2473755531395,39.5531041106519],[-74.2468506517148,39.5538630540631]]}},{"type":"Feature","id":287833,"properties":{"OBJECTID":287833,"PRIMENAME":"South Bay Avenue","ELEVTYP_F":0,"ELEVTYP_T":0},"geometry":{"type":"LineString","coordinates":[[-74.2451097751901,39.5563828456492],[-74.244981979008,39.5565678642548],[-74.2446747123361,39.5570132627569]]}},{"type":"Feature","id":288407,"properties":{"OBJECTID":288407,"PRIMENAME":"Dolphin Avenue","ELEVTYP_F":0,"ELEVTYP_T":0},"geometry":{"type":"LineString","coordinates":[[-74.243612258507,39.5557659710476],[-74.2437714806216,39.5558319411143],[-74.2451097751901,39.5563828456492]]}},{"type":"Feature","id":288802,"properties":{"OBJECTID":288802,"PRIMENAME":"Long Beach Boulevard","ELEVTYP_F":0,"ELEVTYP_T":0},"geometry":{"type":"LineString","coordinates":[[-74.2295559770371,39.5785597639129],[-74.2292679512326,39.5789701037429],[-74.2290658599062,39.5792609366857]]}},{"type":"Feature","id":289968,"properties":{"OBJECTID":289968,"PRIMENAME":"Glendola Avenue","ELEVTYP_F":0,"ELEVTYP_T":0},"geometry":{"type":"LineString","coordinates":[[-74.2449103877049,39.5538797604076],[-74.2437158847061,39.5533785917219],[-74.2436531574978,39.5533555826396]]}},{"type":"Feature","id":290196,"properties":{"OBJECTID":290196,"PRIMENAME":"North Atlantic Avenue","ELEVTYP_F":0,"ELEVTYP_T":0},"geometry":{"type":"LineString","coordinates":[[-74.2358179546164,39.5639694487584],[-74.2354337638633,39.5645173871051]]}},{"type":"Feature","id":293853,"properties":{"OBJECTID":293853,"PRIMENAME":"North Atlantic Avenue","ELEVTYP_F":0,"ELEVTYP_T":0},"geometry":{"type":"LineString","coordinates":[[-74.233676336138,39.5670130497162],[-74.2335381953954,39.5672087950093],[-74.2332300113347,39.5676495473347]]}},{"type":"Feature","id":296645,"properties":{"OBJECTID":296645,"PRIMENAME":"Highland Avenue","ELEVTYP_F":0,"ELEVTYP_T":0},"geometry":{"type":"LineString","coordinates":[[-74.2311664642633,39.5772500218022],[-74.2313735659559,39.5769718534488]]}},{"type":"Feature","id":297590,"properties":{"OBJECTID":297590,"PRIMENAME":"Bay Terrace","ELEVTYP_F":0,"ELEVTYP_T":0},"geometry":{"type":"LineString","coordinates":[[-74.2342533094227,39.5758340128065],[-74.2338353444906,39.5764353238756]]}},{"type":"Feature","id":298501,"properties":{"OBJECTID":298501,"PRIMENAME":"Taylor Avenue","ELEVTYP_F":0,"ELEVTYP_T":0},"geometry":{"type":"LineString","coordinates":[[-74.2332300113347,39.5676495473347],[-74.2347408428335,39.5682968690889]]}},{"type":"Feature","id":299011,"properties":{"OBJECTID":299011,"PRIMENAME":"West 16th Street","ELEVTYP_F":0,"ELEVTYP_T":0},"geometry":{"type":"LineString","coordinates":[[-74.2329588991626,39.5737294252255],[-74.2336388763347,39.5740123237668],[-74.2345224406075,39.5743853259598]]}},{"type":"Feature","id":299769,"properties":{"OBJECTID":299769,"PRIMENAME":"East 24th Street","ELEVTYP_F":0,"ELEVTYP_T":0},"geometry":{"type":"LineString","coordinates":[[-74.2279905604674,39.5778996452248],[-74.2295559770371,39.5785597639129]]}},{"type":"Feature","id":300233,"properties":{"OBJECTID":300233,"PRIMENAME":"11th Street","ELEVTYP_F":0,"ELEVTYP_T":0},"geometry":{"type":"LineString","coordinates":[[-74.2351004885867,39.5706729357932],[-74.2355544636126,39.5708526519502]]}},{"type":"Feature","id":300330,"properties":{"OBJECTID":300330,"PRIMENAME":"South West Avenue","ELEVTYP_F":0,"ELEVTYP_T":0},"geometry":{"type":"LineString","coordinates":[[-74.245675553655,39.5590486104589],[-74.2454357759745,39.5594077279795],[-74.2452426426652,39.5596789791524]]}},{"type":"Feature","id":300925,"properties":{"OBJECTID":300925,"PRIMENAME":"West 18th Street","ELEVTYP_F":0,"ELEVTYP_T":0},"geometry":{"type":"LineString","coordinates":[[-74.2336747758258,39.5755896234545],[-74.2342533094227,39.5758340128065]]}},{"type":"Feature","id":302372,"properties":{"OBJECTID":302372,"PRIMENAME":"8th Street","ELEVTYP_F":0,"ELEVTYP_T":0},"geometry":{"type":"LineString","coordinates":[[-74.2383495634087,39.5689875709532],[-74.2367569451957,39.5683131498006]]}},{"type":"Feature","id":302573,"properties":{"OBJECTID":302573,"PRIMENAME":"2nd Street","ELEVTYP_F":0,"ELEVTYP_T":0},"geometry":{"type":"LineString","coordinates":[[-74.2355219910089,39.5628349090561],[-74.2363635948615,39.5631911370703]]}},{"type":"Feature","id":302999,"properties":{"OBJECTID":302999,"PRIMENAME":"West 21st Street","ELEVTYP_F":0,"ELEVTYP_T":0},"geometry":{"type":"LineString","coordinates":[[-74.2323221933911,39.5773621832337],[-74.2313735659559,39.5769718534488]]}},{"type":"Feature","id":303460,"properties":{"OBJECTID":303460,"PRIMENAME":"South Bay Avenue","ELEVTYP_F":0,"ELEVTYP_T":0},"geometry":{"type":"LineString","coordinates":[[-74.2491173302718,39.5505838738249],[-74.2486796674116,39.5512178437775]]}},{"type":"Feature","id":304627,"properties":{"OBJECTID":304627,"PRIMENAME":"Iroquois Avenue","ELEVTYP_F":0,"ELEVTYP_T":0},"geometry":{"type":"LineString","coordinates":[[-74.2492413036916,39.5538784503068],[-74.247769105712,39.5532673387219],[-74.2473755531395,39.5531041106519]]}},{"type":"Feature","id":305516,"properties":{"OBJECTID":305516,"PRIMENAME":"Merivale Avenue","ELEVTYP_F":0,"ELEVTYP_T":0},"geometry":{"type":"LineString","coordinates":[[-74.252294797484,39.5494777688352],[-74.2504197143628,39.5486984610363]]}},{"type":"Feature","id":305923,"properties":{"OBJECTID":305923,"PRIMENAME":"South West Avenue","ELEVTYP_F":0,"ELEVTYP_T":0},"geometry":{"type":"LineString","coordinates":[[-74.2527307018949,39.5488570975072],[-74.252531143917,39.5491412441245],[-74.252294797484,39.5494777688352]]}},{"type":"Feature","id":306044,"properties":{"OBJECTID":306044,"PRIMENAME":"South Atlantic Avenue","ELEVTYP_F":0,"ELEVTYP_T":0},"geometry":{"type":"LineString","coordinates":[[-74.2422123533383,39.554838933402],[-74.242030285057,39.555110258939]]}},{"type":"Feature","id":306063,"properties":{"OBJECTID":306063,"PRIMENAME":"Pelham Avenue","ELEVTYP_F":0,"ELEVTYP_T":0},"geometry":{"type":"LineString","coordinates":[[-74.2520061485802,39.5534223292764],[-74.2511400493911,39.5530545270807],[-74.2501134243153,39.552618543911]]}},{"type":"Feature","id":306250,"properties":{"OBJECTID":306250,"PRIMENAME":"South West Avenue","ELEVTYP_F":0,"ELEVTYP_T":0},"geometry":{"type":"LineString","coordinates":[[-74.2461081400744,39.5584173331854],[-74.2457218463413,39.5589793582159],[-74.245675553655,39.5590486104589]]}},{"type":"Feature","id":306743,"properties":{"OBJECTID":306743,"PRIMENAME":"West 18th Street","ELEVTYP_F":0,"ELEVTYP_T":0},"geometry":{"type":"LineString","coordinates":[[-74.2342533094227,39.5758340128065],[-74.2344894642546,39.5759337773903]]}},{"type":"Feature","id":307719,"properties":{"OBJECTID":307719,"PRIMENAME":"South West Avenue","ELEVTYP_F":0,"ELEVTYP_T":0},"geometry":{"type":"LineString","coordinates":[[-74.2454275934263,39.5630430135759],[-74.2455156645796,39.5631805397358]]}},{"type":"Feature","id":308716,"properties":{"OBJECTID":308716,"PRIMENAME":"Waverly Avenue","ELEVTYP_F":0,"ELEVTYP_T":0},"geometry":{"type":"LineString","coordinates":[[-74.2336747758258,39.5755896234545],[-74.2340997711971,39.5749858040868]]}},{"type":"Feature","id":309260,"properties":{"OBJECTID":309260,"PRIMENAME":"Taylor Avenue","ELEVTYP_F":0,"ELEVTYP_T":0},"geometry":{"type":"LineString","coordinates":[[-74.2379061609753,39.5696283490893],[-74.238339064027,39.5698099858808],[-74.2390971544506,39.5701280569532]]}},{"type":"Feature","id":309576,"properties":{"OBJECTID":309576,"PRIMENAME":"South Beach Avenue","ELEVTYP_F":0,"ELEVTYP_T":0},"geometry":{"type":"LineString","coordinates":[[-74.2418611792756,39.5582762449208],[-74.241930181531,39.558195925425],[-74.2422533855298,39.5577247605675],[-74.2423039147869,39.5576518952408]]}},{"type":"Feature","id":309606,"properties":{"OBJECTID":309606,"PRIMENAME":"Long Beach Boulevard","ELEVTYP_F":0,"ELEVTYP_T":0},"geometry":{"type":"LineString","coordinates":[[-74.2394223437604,39.5645284575149],[-74.2393410340445,39.5646440005976],[-74.2389043783698,39.5652645082116]]}},{"type":"Feature","id":310203,"properties":{"OBJECTID":310203,"PRIMENAME":"West 14th Street","ELEVTYP_F":0,"ELEVTYP_T":0},"geometry":{"type":"LineString","coordinates":[[-74.2338111745446,39.5725138032617],[-74.2353777668224,39.5731646210245]]}},{"type":"Feature","id":311736,"properties":{"OBJECTID":311736,"PRIMENAME":"West Marshall Avenue","ELEVTYP_F":0,"ELEVTYP_T":0},"geometry":{"type":"LineString","coordinates":[[-74.2522047747966,39.5463306211207],[-74.2539403874959,39.5470644680914]]}},{"type":"Feature","id":313223,"properties":{"OBJECTID":313223,"PRIMENAME":"Atlantic Avenue","ELEVTYP_F":0,"ELEVTYP_T":0},"geometry":{"type":"LineString","coordinates":[[-74.2307198849785,39.5712171438907],[-74.2305083366546,39.5715205605909],[-74.2302919031971,39.5718208353582]]}},{"type":"Feature","id":314952,"properties":{"OBJECTID":314952,"PRIMENAME":"Amber Street","ELEVTYP_F":0,"ELEVTYP_T":0},"geometry":{"type":"LineString","coordinates":[[-74.2395285257539,39.5615288011444],[-74.2379990391706,39.5608702968734]]}},{"type":"Feature","id":315789,"properties":{"OBJECTID":315789,"PRIMENAME":"South West Avenue","ELEVTYP_F":0,"ELEVTYP_T":0},"geometry":{"type":"LineString","coordinates":[[-74.2465858940866,39.564232345789],[-74.2461516049553,39.5642805993317]]}},{"type":"Feature","id":316249,"properties":{"OBJECTID":316249,"PRIMENAME":"Amber Street","ELEVTYP_F":0,"ELEVTYP_T":0},"geometry":{"type":"LineString","coordinates":[[-74.2426739741756,39.5628614250121],[-74.2415247934249,39.5623738148981]]}},{"type":"Feature","id":316645,"properties":{"OBJECTID":316645,"PRIMENAME":"Essex Avenue","ELEVTYP_F":0,"ELEVTYP_T":0},"geometry":{"type":"LineString","coordinates":[[-74.244045333755,39.5551363767173],[-74.2425755252724,39.5545365986986]]}},{"type":"Feature","id":317294,"properties":{"OBJECTID":317294,"PRIMENAME":"South Atlantic Avenue","ELEVTYP_F":0,"ELEVTYP_T":0},"geometry":{"type":"LineString","coordinates":[[-74.242030285057,39.555110258939],[-74.2416067406346,39.5557470875668]]}},{"type":"Feature","id":318453,"properties":{"OBJECTID":318453,"PRIMENAME":"Coral Street","ELEVTYP_F":0,"ELEVTYP_T":0},"geometry":{"type":"LineString","coordinates":[[-74.2451560855408,39.5630252587545],[-74.2455156645796,39.5631805397358]]}},{"type":"Feature","id":318760,"properties":{"OBJECTID":318760,"PRIMENAME":"South Bay Avenue","ELEVTYP_F":0,"ELEVTYP_T":0},"geometry":{"type":"LineString","coordinates":[[-74.2459771629024,39.555127298709],[-74.2455434015332,39.555755196285]]}},{"type":"Feature","id":318902,"properties":{"OBJECTID":318902,"PRIMENAME":"Belvoir Avenue","ELEVTYP_F":0,"ELEVTYP_T":0},"geometry":{"type":"LineString","coordinates":[[-74.2442371088658,39.5576476269809],[-74.2455178740966,39.5581695166501],[-74.2461081400744,39.5584173331854]]}},{"type":"Feature","id":320444,"properties":{"OBJECTID":320444,"PRIMENAME":"South Bay Avenue","ELEVTYP_F":0,"ELEVTYP_T":0},"geometry":{"type":"LineString","coordinates":[[-74.2499893519241,39.5493208101626],[-74.2499515276761,39.5493755033472],[-74.24954621486,39.5499626778908]]}},{"type":"Feature","id":322781,"properties":{"OBJECTID":322781,"PRIMENAME":"12th Street","ELEVTYP_F":0,"ELEVTYP_T":0},"geometry":{"type":"LineString","coordinates":[[-74.2346643671801,39.5713010061896],[-74.2330936755903,39.5706400922672]]}},{"type":"Feature","id":323021,"properties":{"OBJECTID":323021,"PRIMENAME":"Long Beach Boulevard","ELEVTYP_F":0,"ELEVTYP_T":0},"geometry":{"type":"LineString","coordinates":[[-74.2380340750869,39.5665012689086],[-74.237573072931,39.5671563377313]]}},{"type":"Feature","id":328166,"properties":{"OBJECTID":328166,"PRIMENAME":"South West Avenue","ELEVTYP_F":0,"ELEVTYP_T":0},"geometry":{"type":"LineString","coordinates":[[-74.2489819947277,39.5542543634949],[-74.2487145177276,39.5546425324169]]}},{"type":"Feature","id":328260,"properties":{"OBJECTID":328260,"PRIMENAME":"East 22nd Street","ELEVTYP_F":0,"ELEVTYP_T":0},"geometry":{"type":"LineString","coordinates":[[-74.2304038982088,39.5773537403792],[-74.2308337869207,39.5775314408248],[-74.2308749764598,39.577541173602]]}},{"type":"Feature","id":329945,"properties":{"OBJECTID":329945,"PRIMENAME":"Amber Street","ELEVTYP_F":0,"ELEVTYP_T":0},"geometry":{"type":"LineString","coordinates":[[-74.2415247934249,39.5623738148981],[-74.241072534832,39.5621819633818]]}},{"type":"Feature","id":330160,"properties":{"OBJECTID":330160,"PRIMENAME":"North Delaware Avenue","ELEVTYP_F":0,"ELEVTYP_T":0},"geometry":{"type":"LineString","coordinates":[[-74.2396334182515,39.5671812618056],[-74.2398954491335,39.5668150949772],[-74.2401151387905,39.5665017678529]]}},{"type":"Feature","id":331375,"properties":{"OBJECTID":331375,"PRIMENAME":"Long Beach Boulevard","ELEVTYP_F":0,"ELEVTYP_T":0},"geometry":{"type":"LineString","coordinates":[[-74.2342289343198,39.5719228701082],[-74.2338111745446,39.5725138032617]]}},{"type":"Feature","id":332590,"properties":{"OBJECTID":332590,"PRIMENAME":"Coral Street","ELEVTYP_F":0,"ELEVTYP_T":0},"geometry":{"type":"LineString","coordinates":[[-74.2419920050762,39.5616901349065],[-74.2428508718482,39.562054837869],[-74.2431501768959,39.5621806707295]]}},{"type":"Feature","id":333290,"properties":{"OBJECTID":333290,"PRIMENAME":"North Beach Avenue","ELEVTYP_F":0,"ELEVTYP_T":0},"geometry":{"type":"LineString","coordinates":[[-74.233533342591,39.5700151399056],[-74.2337206432493,39.5697488640654],[-74.2339076580622,39.5694826980505]]}},{"type":"Feature","id":335031,"properties":{"OBJECTID":335031,"PRIMENAME":"4th Street","ELEVTYP_F":0,"ELEVTYP_T":0},"geometry":{"type":"LineString","coordinates":[[-74.2354337638633,39.5645173871051],[-74.2345091251199,39.5641378993012]]}},{"type":"Feature","id":335390,"properties":{"OBJECTID":335390,"PRIMENAME":"North Beach Avenue","ELEVTYP_F":0,"ELEVTYP_T":0},"geometry":{"type":"LineString","coordinates":[[-74.2360238394132,39.5664947980473],[-74.2360835190565,39.5664166579689],[-74.2364822908075,39.565850931572]]}},{"type":"Feature","id":336127,"properties":{"OBJECTID":336127,"PRIMENAME":"South West Avenue","ELEVTYP_F":0,"ELEVTYP_T":0},"geometry":{"type":"LineString","coordinates":[[-74.2501134243153,39.552618543911],[-74.2496781905142,39.553246426154]]}},{"type":"Feature","id":337111,"properties":{"OBJECTID":337111,"PRIMENAME":"North Beach Avenue","ELEVTYP_F":0,"ELEVTYP_T":0},"geometry":{"type":"LineString","coordinates":[[-74.2355996919977,39.5670801227014],[-74.2358829835416,39.5666793370376],[-74.2360238394132,39.5664947980473]]}},{"type":"Feature","id":338333,"properties":{"OBJECTID":338333,"PRIMENAME":"Waverly Avenue","ELEVTYP_F":0,"ELEVTYP_T":0},"geometry":{"type":"LineString","coordinates":[[-74.2332463541807,39.5761965364999],[-74.2334212151837,39.5759498373423],[-74.2336747758258,39.5755896234545]]}},{"type":"Feature","id":339136,"properties":{"OBJECTID":339136,"PRIMENAME":"South West Avenue","ELEVTYP_F":0,"ELEVTYP_T":0},"geometry":{"type":"LineString","coordinates":[[-74.2518549627873,39.5501040302039],[-74.2515081942652,39.5505978230829],[-74.2514194273312,39.5507261536448]]}},{"type":"Feature","id":339438,"properties":{"OBJECTID":339438,"PRIMENAME":"North Delaware Avenue","ELEVTYP_F":0,"ELEVTYP_T":0},"geometry":{"type":"LineString","coordinates":[[-74.2410034217991,39.5652466359529],[-74.2411435757731,39.565056131397],[-74.2412762662525,39.5648591577909]]}},{"type":"Feature","id":339822,"properties":{"OBJECTID":339822,"PRIMENAME":"Atlantic Avenue","ELEVTYP_F":0,"ELEVTYP_T":0},"geometry":{"type":"LineString","coordinates":[[-74.2298679019851,39.5724208277431],[-74.2297949100383,39.5725256208394],[-74.2294329488711,39.5730328012411]]}},{"type":"Feature","id":341832,"properties":{"OBJECTID":341832,"PRIMENAME":"South Bay Avenue","ELEVTYP_F":0,"ELEVTYP_T":0},"geometry":{"type":"LineString","coordinates":[[-74.2478110246931,39.5524745350816],[-74.2473755531395,39.5531041106519]]}},{"type":"Feature","id":342135,"properties":{"OBJECTID":342135,"PRIMENAME":"Bay Club West","ELEVTYP_F":0,"ELEVTYP_T":0},"geometry":{"type":"LineString","coordinates":[[-74.2390971544506,39.5701280569532],[-74.2391992697045,39.5699696632259],[-74.2393364558158,39.5697600200892],[-74.2393824540937,39.5697220222542],[-74.2394194562465,39.5696810208618],[-74.2394584561777,39.5696330195067],[-74.2394854552269,39.5695850209628],[-74.2394964541628,39.5695330222359],[-74.2395044557554,39.5694870204572],[-74.2395207602609,39.5694544507339]]}},{"type":"Feature","id":343420,"properties":{"OBJECTID":343420,"PRIMENAME":"Centre Street","ELEVTYP_F":0,"ELEVTYP_T":0},"geometry":{"type":"LineString","coordinates":[[-74.2400082723783,39.5636952528042],[-74.2384583111583,39.5630434359618]]}},{"type":"Feature","id":343602,"properties":{"OBJECTID":343602,"PRIMENAME":"South Bay Avenue","ELEVTYP_F":0,"ELEVTYP_T":0},"geometry":{"type":"LineString","coordinates":[[-74.2464169421451,39.5544906534044],[-74.2459771629024,39.555127298709]]}},{"type":"Feature","id":343925,"properties":{"OBJECTID":343925,"PRIMENAME":"Beach Avenue","ELEVTYP_F":0,"ELEVTYP_T":0},"geometry":{"type":"LineString","coordinates":[[-74.231388116129,39.5730641510452],[-74.2318127599063,39.5724605578592]]}},{"type":"Feature","id":344404,"properties":{"OBJECTID":344404,"PRIMENAME":"Bay Terrace","ELEVTYP_F":0,"ELEVTYP_T":0},"geometry":{"type":"LineString","coordinates":[[-74.2349219672798,39.5753323331285],[-74.2344894642546,39.5759337773903]]}},{"type":"Feature","id":346732,"properties":{"OBJECTID":346732,"PRIMENAME":"South Bay Avenue","ELEVTYP_F":0,"ELEVTYP_T":0},"geometry":{"type":"LineString","coordinates":[[-74.2438095881359,39.5582673497545],[-74.2433723971001,39.5589010800337]]}},{"type":"Feature","id":346770,"properties":{"OBJECTID":346770,"PRIMENAME":"Liberty Avenue","ELEVTYP_F":0,"ELEVTYP_T":0},"geometry":{"type":"LineString","coordinates":[[-74.2463034313294,39.5518654700736],[-74.2478110246931,39.5524745350816]]}},{"type":"Feature","id":347100,"properties":{"OBJECTID":347100,"PRIMENAME":"6th Street","ELEVTYP_F":0,"ELEVTYP_T":0},"geometry":{"type":"LineString","coordinates":[[-74.2380654475396,39.5673648764273],[-74.237573072931,39.5671563377313]]}},{"type":"Feature","id":347503,"properties":{"OBJECTID":347503,"PRIMENAME":"South Delaware Avenue","ELEVTYP_F":0,"ELEVTYP_T":0},"geometry":{"type":"LineString","coordinates":[[-74.2433951077361,39.5618339794954],[-74.2436306464341,39.561503877327]]}},{"type":"Feature","id":348637,"properties":{"OBJECTID":348637,"PRIMENAME":"Ocean Street","ELEVTYP_F":0,"ELEVTYP_T":0},"geometry":{"type":"LineString","coordinates":[[-74.2448805768731,39.5603041213485],[-74.2446311840861,39.5601989916455],[-74.2429572709115,39.5594933441831]]}},{"type":"Feature","id":356987,"properties":{"OBJECTID":356987,"PRIMENAME":"Pearl Street","ELEVTYP_F":0,"ELEVTYP_T":0},"geometry":{"type":"LineString","coordinates":[[-74.2389502784201,39.5595221368437],[-74.2382597497731,39.5592283447378]]}},{"type":"Feature","id":360107,"properties":{"OBJECTID":360107,"PRIMENAME":"West 17th Street","ELEVTYP_F":0,"ELEVTYP_T":0},"geometry":{"type":"LineString","coordinates":[[-74.2340997711971,39.5749858040868],[-74.2332041667384,39.5746147743948],[-74.232537343777,39.5743331664957]]}},{"type":"Feature","id":370323,"properties":{"OBJECTID":370323,"PRIMENAME":"Pearl Street","ELEVTYP_F":0,"ELEVTYP_T":0},"geometry":{"type":"LineString","coordinates":[[-74.2436889424123,39.561528468297],[-74.2436306464341,39.561503877327]]}},{"type":"Feature","id":372252,"properties":{"OBJECTID":372252,"PRIMENAME":"17th Street","ELEVTYP_F":0,"ELEVTYP_T":0},"geometry":{"type":"LineString","coordinates":[[-74.2351781599091,39.5754429594248],[-74.2349219672798,39.5753323331285]]}},{"type":"Feature","id":373168,"properties":{"OBJECTID":373168,"PRIMENAME":"Pearl Street","ELEVTYP_F":0,"ELEVTYP_T":0},"geometry":{"type":"LineString","coordinates":[[-74.2436306464341,39.561503877327],[-74.2420174573353,39.5608232487675]]}},{"type":"Feature","id":374212,"properties":{"OBJECTID":374212,"PRIMENAME":"South Beach Avenue","ELEVTYP_F":0,"ELEVTYP_T":0},"geometry":{"type":"LineString","coordinates":[[-74.2463034313294,39.5518654700736],[-74.2465173279819,39.5515537369163]]}},{"type":"Feature","id":374867,"properties":{"OBJECTID":374867,"PRIMENAME":"Pearl Street","ELEVTYP_F":0,"ELEVTYP_T":0},"geometry":{"type":"LineString","coordinates":[[-74.2404796967665,39.5601743960997],[-74.2389502784201,39.5595221368437]]}},{"type":"Feature","id":376239,"properties":{"OBJECTID":376239,"PRIMENAME":"East 21st Street","ELEVTYP_F":0,"ELEVTYP_T":0},"geometry":{"type":"LineString","coordinates":[[-74.2308360335762,39.5767395980406],[-74.2305655291954,39.5766239044995],[-74.229860780805,39.5763305247651],[-74.2292709969915,39.5760804314087]]}},{"type":"Feature","id":396226,"properties":{"OBJECTID":396226,"PRIMENAME":"East 17th Street","ELEVTYP_F":0,"ELEVTYP_T":0},"geometry":{"type":"LineString","coordinates":[[-74.232537343777,39.5743331664957],[-74.2309600397456,39.5736724844469]]}},{"type":"Feature","id":400146,"properties":{"OBJECTID":400146,"PRIMENAME":"East 17th Street","ELEVTYP_F":0,"ELEVTYP_T":0},"geometry":{"type":"LineString","coordinates":[[-74.2309600397456,39.5736724844469],[-74.2294329488711,39.5730328012411]]}},{"type":"Feature","id":400704,"properties":{"OBJECTID":400704,"PRIMENAME":"Pearl Street","ELEVTYP_F":0,"ELEVTYP_T":0},"geometry":{"type":"LineString","coordinates":[[-74.2420174573353,39.5608232487675],[-74.2404796967665,39.5601743960997]]}},{"type":"Feature","id":400858,"properties":{"OBJECTID":400858,"PRIMENAME":"West 17th Street","ELEVTYP_F":0,"ELEVTYP_T":0},"geometry":{"type":"LineString","coordinates":[[-74.2349219672798,39.5753323331285],[-74.2340997711971,39.5749858040868]]}},{"type":"Feature","id":433655,"properties":{"OBJECTID":433655,"PRIMENAME":"Virginia Avenue","ELEVTYP_F":0,"ELEVTYP_T":0},"geometry":{"type":"LineString","coordinates":[[-74.2545463340276,39.5528385755884],[-74.2551553349113,39.5519504028018],[-74.2556989844961,39.5511855851588]]}},{"type":"Feature","id":433756,"properties":{"OBJECTID":433756,"PRIMENAME":"West Avenue","ELEVTYP_F":0,"ELEVTYP_T":0},"geometry":{"type":"LineString","coordinates":[[-74.2539403874959,39.5470644680914],[-74.254081596915,39.5468557726759],[-74.2541112793798,39.5468158048481],[-74.2541336256541,39.546764372592],[-74.2541485952429,39.5467129526529],[-74.2541561334009,39.5466671720849],[-74.2541600538059,39.5466013964761],[-74.2541713350744,39.5465499678307],[-74.254193711442,39.5464899692144],[-74.2542383029,39.5464156582451],[-74.2545427557985,39.5459730281181],[-74.2546730207679,39.5457894865103]]}},{"type":"Feature","id":433758,"properties":{"OBJECTID":433758,"PRIMENAME":"Amber Street","ELEVTYP_F":0,"ELEVTYP_T":0},"geometry":{"type":"LineString","coordinates":[[-74.2395285257539,39.5615288011444],[-74.2400767039847,39.5617552747982],[-74.241072534832,39.5621819633818]]}},{"type":"Feature","id":433759,"properties":{"OBJECTID":433759,"PRIMENAME":"Amber Street","ELEVTYP_F":0,"ELEVTYP_T":0},"geometry":{"type":"LineString","coordinates":[[-74.2426739741756,39.5628614250121],[-74.2446798646397,39.5636953685503]]}},{"type":"Feature","id":433760,"properties":{"OBJECTID":433760,"PRIMENAME":"East 16th Street","ELEVTYP_F":0,"ELEVTYP_T":0},"geometry":{"type":"LineString","coordinates":[[-74.231388116129,39.5730641510452],[-74.2298679019851,39.5724208277431]]}},{"type":"Feature","id":434827,"properties":{"OBJECTID":434827,"PRIMENAME":"South Atlantic Avenue","ELEVTYP_F":0,"ELEVTYP_T":0},"geometry":{"type":"LineString","coordinates":[[-74.2384797685186,39.5601922344283],[-74.2389502784201,39.5595221368437]]}}]}
